ANO_CENSO|PK_COD_TURMA|NO_TURMA|HR_INICIAL|HR_INICIAL_MINUTO|NU_DURACAO_TURMA|NUM_MATRICULAS|FK_COD_MOD_ENSINO|FK_COD_ETAPA_ENSINO|FK_COD_CURSO_PROF|FK_COD_TIPO_TURMA|ID_MAIS_EDUCACAO|ID_DIA_SEMANA_DOMINGO|ID_DIA_SEMANA_SEGUNDA|ID_DIA_SEMANA_TERCA|ID_DIA_SEMANA_QUARTA|ID_DIA_SEMANA_QUINTA|ID_DIA_SEMANA_SEXTA|ID_DIA_SEMANA_SABADO|FK_COD_TIPO_ATIVIDADE_1|FK_COD_TIPO_ATIVIDADE_2|FK_COD_TIPO_ATIVIDADE_3|FK_COD_TIPO_ATIVIDADE_4|FK_COD_TIPO_ATIVIDADE_5|FK_COD_TIPO_ATIVIDADE_6|ID_BRAILLE|ID_RECURSOS_BAIXA_VISAO|ID_PROCESSOS_MENTAIS|ID_ORIENTACAO_MOBILIDADE|ID_SINAIS|ID_COM_ALT_AUMENT|ID_ENRIQ_CURRICULAR|ID_SOROBAN|ID_INF_ACESSIVEL|ID_PORT_ESC|ID_AUT_ESCOLAR|ID_QUIMICA|ID_FISICA|ID_MATEMATICA|ID_BIOLOGIA|ID_CIENCIAS|ID_LINGUA_LITERAT_PORTUGUESA|ID_LINGUA_LITERAT_INGLES|ID_LINGUA_LITERAT_ESPANHOL|ID_LINGUA_LITERAT_FRANCES|ID_LINGUA_LITERAT_OUTRA|ID_LINGUA_LITERAT_INDIGENA|ID_ARTES|ID_EDUCACAO_FISICA|ID_HISTORIA|ID_GEOGRAFIA|ID_FILOSOFIA|ID_ENSINO_RELIGIOSO|ID_ESTUDOS_SOCIAIS|ID_SOCIOLOGIA|ID_INFORMATICA_COMPUTACAO|ID_PROFISSIONALIZANTE|ID_DISC_ATENDIMENTO_ESPECIAIS|ID_DISC_DIVERSIDADE_SOCIO_CULT|ID_LIBRAS|ID_DISCIPLINAS_PEDAG|ID_OUTRAS_DISCIPLINAS|PK_COD_ENTIDADE|FK_COD_ESTADO|FK_COD_MUNICIPIO|FK_COD_DISTRITO|ID_LOCALIZACAO|ID_DEPENDENCIA_ADM|DESC_CATEGORIA_ESCOLA_PRIVADA|ID_CONVENIADA_PP|ID_TIPO_CONVENIO_PODER_PUBLICO|ID_MANT_ESCOLA_PRIVADA_EMP|ID_MANT_ESCOLA_PRIVADA_ONG|ID_MANT_ESCOLA_PRIVADA_SIND|ID_MANT_ESCOLA_PRIVADA_SIST_S|ID_MANT_ESCOLA_PRIVADA_S_FINS|ID_DOCUMENTO_REGULAMENTACAO|ID_LOCALIZACAO_DIFERENCIADA|ID_EDUCACAO_INDIGENA
2014|829785|4º ANO B V|13|15|255|20|1|17||0|0|0|1|1|1|1|1|0|||||||0|0|0|0|0|0|0|0|0|0|0|0|0|1|0|1|1|0|0|0|0|0|1|1|1|1|0|1|0|0|0|0|0|0|0|0|0|17041961|17|1703107|5|1|3||||0|0|0|0|0|1|0|0
2014|797121|121|13|30|240|28|1|15||0||0|1|1|1|1|1|0|||||||0|0|0|0|0|0|0|0|0|0|0|0|0|1|0|0|1|1|0|0|0|0|1|1|0|0|0|1|0|0|0|0|0|0|0|0|1|42060532|42|4217204|5|1|4|1|0||1|0|0|0|1|1|0|0
2014|1690203|5 ANO FUND - TURMA B|13|0|255|25|1|18||0|0|0|1|1|1|1|1|0|||||||0|0|0|0|0|0|0|0|0|0|0|0|0|1|0|1|1|0|0|0|0|0|0|0|1|1|0|1|0|0|0|0|0|0|0|0|0|25018132|25|2516201|5|1|2||||0|0|0|0|0|1|0|0
2014|833832|4º ANO C V|13|15|255|22|1|17||0|0|0|1|1|1|1|1|0|||||||0|0|0|0|0|0|0|0|0|0|0|0|0|1|0|1|1|0|0|0|0|0|1|1|1|1|0|1|0|0|0|0|0|0|0|0|0|17041961|17|1703107|5|1|3||||0|0|0|0|0|1|0|0
2014|969946|131|13|30|240|22|1|16||0||0|1|1|1|1|1|0|||||||0|0|0|0|0|0|0|0|0|0|0|0|0|1|0|0|1|1|0|0|0|0|1|1|0|0|0|1|0|0|0|0|0|0|0|0|1|42060532|42|4217204|5|1|4|1|0||1|0|0|0|1|1|0|0
2014|1691891|EJA 1 SERIE FUND - TURMA UNICA|18|30|240|20|3|43||0||0|1|1|1|1|1|0|||||||0|0|0|0|0|0|0|0|0|0|0|0|0|1|0|1|1|0|0|0|0|0|0|0|1|1|0|1|0|0|0|0|0|0|0|0|0|25018132|25|2516201|5|1|2||||0|0|0|0|0|1|0|0
2014|520977|INFANTIL III|7|0|240|26|1|1||0||0|1|1|1|1|1|0|||||||0|0|0|0|0|0|0|0|0|0|0|0|0|0|0|0|0|0|0|0|0|0|0|0|0|0|0|0|0|0|0|0|0|0|0|0|0|23024038|23|2312007|20|1|3||||0|0|0|0|0|1|0|0
2014|829784|5º ANO A M|7|15|255|34|1|18||0|0|0|1|1|1|1|1|0|||||||0|0|0|0|0|0|0|0|0|0|0|0|0|1|0|1|1|0|0|0|0|0|1|1|1|1|0|1|0|0|0|0|0|0|0|0|0|17041961|17|1703107|5|1|3||||0|0|0|0|0|1|0|0
2014|970048|141|13|30|240|27|1|17||0||0|1|1|1|1|1|0|||||||0|0|0|0|0|0|0|0|0|0|0|0|0|1|0|0|1|1|0|0|0|0|1|1|0|0|0|1|0|0|0|0|0|0|0|0|1|42060532|42|4217204|5|1|4|1|0||1|0|0|0|1|1|0|0
2014|1691862|EJA 3 SERIE FUND - TURMA UNICA|18|30|240|15|3|43||0||0|1|1|1|1|1|0|||||||0|0|0|0|0|0|0|0|0|0|0|0|0|1|0|1|1|0|0|0|0|0|0|0|1|1|0|1|0|0|0|0|0|0|0|0|0|25018132|25|2516201|5|1|2||||0|0|0|0|0|1|0|0
2014|829783|5º ANO B V|13|15|255|18|1|18||0|0|0|1|1|1|1|1|0|||||||0|0|0|0|0|0|0|0|0|0|0|0|0|1|0|1|1|0|0|0|0|0|1|1|1|1|0|1|0|0|0|0|0|0|0|0|0|17041961|17|1703107|5|1|3||||0|0|0|0|0|1|0|0
2014|521460|INFANTIL IV|7|0|240|24|1|2||0||0|1|1|1|1|1|0|||||||0|0|0|0|0|0|0|0|0|0|0|0|0|0|0|0|0|0|0|0|0|0|0|0|0|0|0|0|0|0|0|0|0|0|0|0|0|23024038|23|2312007|20|1|3||||0|0|0|0|0|1|0|0
2014|829782|ACELERACAO DE ESTUDOS M|7|15|255|8|1|23||0|0|0|1|1|1|1|1|0|||||||0|0|0|0|0|0|0|0|0|0|0|0|0|1|0|1|1|0|0|0|0|0|1|1|1|1|0|1|0|0|0|0|0|0|0|0|0|17041961|17|1703107|5|1|3||||0|0|0|0|0|1|0|0
2014|969847|151|13|30|240|31|1|18||0||0|1|1|1|1|1|0|||||||0|0|0|0|0|0|0|0|0|0|0|0|0|1|0|0|1|1|0|0|0|0|1|1|0|0|0|1|0|0|0|0|0|0|0|0|1|42060532|42|4217204|5|1|4|1|0||1|0|0|0|1|1|0|0
2014|521096|INFANTIL V|7|0|240|21|1|2||0||0|1|1|1|1|1|0|||||||0|0|0|0|0|0|0|0|0|0|0|0|0|0|0|0|0|0|0|0|0|0|0|0|0|0|0|0|0|0|0|0|0|0|0|0|0|23024038|23|2312007|20|1|3||||0|0|0|0|0|1|0|0
2014|829781|ACELERACAO DE ESTUDOS V|13|15|255|6|1|23||0|0|0|1|1|1|1|1|0|||||||0|0|0|0|0|0|0|0|0|0|0|0|0|1|0|1|1|0|0|0|0|0|1|1|1|1|0|1|0|0|0|0|0|0|0|0|0|17041961|17|1703107|5|1|3||||0|0|0|0|0|1|0|0
2014|970107|161|7|30|270|16|1|19||0||0|1|1|1|1|1|0|||||||0|0|0|0|0|0|0|0|0|0|0|0|0|1|0|1|1|1|1|0|0|0|1|1|1|1|1|1|0|0|0|0|0|0|0|0|0|42060532|42|4217204|5|1|4|1|0||1|0|0|0|1|1|0|0
2014|521056|PRE ESCOLA DAS VASSOURAS|7|0|240|8|1|2||0||0|1|1|1|1|1|0|||||||0|0|0|0|0|0|0|0|0|0|0|0|0|0|0|0|0|0|0|0|0|0|0|0|0|0|0|0|0|0|0|0|0|0|0|0|0|23024038|23|2312007|20|1|3||||0|0|0|0|0|1|0|0
2014|969697|162|7|30|270|20|1|19||0||0|1|1|1|1|1|0|||||||0|0|0|0|0|0|0|0|0|0|0|0|0|1|0|1|1|1|1|0|0|0|1|1|1|1|1|1|0|0|0|0|0|0|0|0|0|42060532|42|4217204|5|1|4|1|0||1|0|0|0|1|1|0|0
2014|521220|UNIFICADA MORRO DOS ROCHAS|7|0|240|17|1|3||0||0|1|1|1|1|1|0|||||||0|0|0|0|0|0|0|0|0|0|0|0|0|0|0|0|0|0|0|0|0|0|0|0|0|0|0|0|0|0|0|0|0|0|0|0|0|23024038|23|2312007|20|1|3||||0|0|0|0|0|1|0|0
2014|2864692|MAIS EDUCACAO - TURMA A|7|30|210|29||||4|1|0|1|1|1|1|1|0|15001|11002|22017|22023|31014||0|0|0|0|0|0|0|0|0|0|0|0|0|0|0|0|0|0|0|0|0|0|0|0|0|0|0|0|0|0|0|0|0|0|0|0|0|25018132|25|2516201|5|1|2||||0|0|0|0|0|1|0|0
2014|1231152|171|7|30|270|22|1|20||0||0|1|1|1|1|1|0|||||||0|0|0|0|0|0|0|0|0|0|0|0|0|1|0|1|1|1|1|0|0|0|1|1|1|1|1|1|0|0|0|0|0|0|0|0|0|42060532|42|4217204|5|1|4|1|0||1|0|0|0|1|1|0|0
2014|970113|172|7|30|270|20|1|20||0||0|1|1|1|1|1|0|||||||0|0|0|0|0|0|0|0|0|0|0|0|0|1|0|1|1|1|1|0|0|0|1|1|1|1|1|1|0|0|0|0|0|0|0|0|0|42060532|42|4217204|5|1|4|1|0||1|0|0|0|1|1|0|0
2014|834661|MAIS EDUCACAO M|7|15|240|46||||4|1|0|1|1|1|1|0|0|14999|14001|31003||||0|0|0|0|0|0|0|0|0|0|0|0|0|0|0|0|0|0|0|0|0|0|0|0|0|0|0|0|0|0|0|0|0|0|0|0|0|17041961|17|1703107|5|1|3||||0|0|0|0|0|1|0|0
2014|1236175|181|7|30|270|27|1|21||0||0|1|1|1|1|1|0|||||||0|0|0|0|0|0|0|0|0|0|0|0|0|1|0|1|1|1|1|0|0|0|1|1|1|1|1|1|0|0|0|0|0|0|0|0|0|42060532|42|4217204|5|1|4|1|0||1|0|0|0|1|1|0|0
2014|2867191|MAIS EDUCACAO - TURMA B|7|30|210|29||||4|1|0|1|1|1|1|1|0|15001|11002|22017|22023|31014||0|0|0|0|0|0|0|0|0|0|0|0|0|0|0|0|0|0|0|0|0|0|0|0|0|0|0|0|0|0|0|0|0|0|0|0|0|25018132|25|2516201|5|1|2||||0|0|0|0|0|1|0|0
2014|1236615|182|7|30|270|27|1|21||0||0|1|1|1|1|1|0|||||||0|0|0|0|0|0|0|0|0|0|0|0|0|1|0|1|1|1|1|0|0|0|1|1|1|1|1|1|0|0|0|0|0|0|0|0|0|42060532|42|4217204|5|1|4|1|0||1|0|0|0|1|1|0|0
2014|829766|MAIS EDUCACAO V|13|15|240|32||||4|1|0|1|1|1|1|0|0|14999|14001|31003||||0|0|0|0|0|0|0|0|0|0|0|0|0|0|0|0|0|0|0|0|0|0|0|0|0|0|0|0|0|0|0|0|0|0|0|0|0|17041961|17|1703107|5|1|3||||0|0|0|0|0|1|0|0
2014|970114|211|7|30|270|21|1|25||0||0|1|1|1|1|1|0|||||||0|0|0|0|0|0|0|0|0|0|0|1|1|1|1|0|1|1|1|0|0|0|1|1|1|1|1|1|0|1|0|0|0|0|0|0|0|42060532|42|4217204|5|1|4|1|0||1|0|0|0|1|1|0|0
2014|2864696|MAIS EDUCACAO - TURMA C|13|30|210|30||||4|1|0|1|1|1|1|1|0|11002|15001|22017|22023|31014||0|0|0|0|0|0|0|0|0|0|0|0|0|0|0|0|0|0|0|0|0|0|0|0|0|0|0|0|0|0|0|0|0|0|0|0|0|25018132|25|2516201|5|1|2||||0|0|0|0|0|1|0|0
2014|969789|212|7|30|270|23|1|25||0||0|1|1|1|1|1|0|||||||0|0|0|0|0|0|0|0|0|0|0|1|1|1|1|0|1|1|1|0|0|0|1|1|1|1|1|1|0|1|0|0|0|0|0|0|0|42060532|42|4217204|5|1|4|1|0||1|0|0|0|1|1|0|0
2014|829765|PETI MATUTINO|7|30|210|13||||4|0|0|1|1|1|1|1|0|19999|31001|31002||||0|0|0|0|0|0|0|0|0|0|0|0|0|0|0|0|0|0|0|0|0|0|0|0|0|0|0|0|0|0|0|0|0|0|0|0|0|17041961|17|1703107|5|1|3||||0|0|0|0|0|1|0|0
2014|829764|PETI VESPERTINO|13|30|210|3||||4|0|0|1|1|1|1|1|0|31001|31002|19999||||0|0|0|0|0|0|0|0|0|0|0|0|0|0|0|0|0|0|0|0|0|0|0|0|0|0|0|0|0|0|0|0|0|0|0|0|0|17041961|17|1703107|5|1|3||||0|0|0|0|0|1|0|0
2014|969791|221|7|30|270|24|1|26||0||0|1|1|1|1|1|1|||||||0|0|0|0|0|0|0|0|0|0|0|1|1|1|1|0|1|1|1|0|0|0|0|1|1|1|1|1|0|1|0|0|0|0|0|0|0|42060532|42|4217204|5|1|4|1|0||1|0|0|0|1|1|0|0
2014|829761|PRE II A M|7|15|255|26|1|2||0||0|1|1|1|1|1|0|||||||0|0|0|0|0|0|0|0|0|0|0|0|0|0|0|0|0|0|0|0|0|0|0|0|0|0|0|0|0|0|0|0|0|0|0|0|0|17041961|17|1703107|5|1|3||||0|0|0|0|0|1|0|0
2014|680844|1305 EMR MATUTINO|7|15|330|21|1|25||0|1|0|1|1|1|1|1|0|||||||0|0|0|0|0|0|0|0|0|0|0|1|1|1|1|0|1|1|0|0|0|0|1|1|1|1|1|0|0|1|0|0|0|0|0|0|0|17033993|17|1707009|5|1|2||||0|0|0|0|0|1|0|0
2014|681829|1306 EMR NOTURNO|19|0|195|20|1|25||0|1|0|1|1|1|1|1|0|||||||0|0|0|0|0|0|0|0|0|0|0|1|1|1|1|0|1|1|0|0|0|0|1|1|1|1|1|0|0|1|0|0|0|0|0|0|0|17033993|17|1707009|5|1|2||||0|0|0|0|0|1|0|0
2014|642683|2101 VESPERTINO|13|0|255|31|1|15||0|0|0|1|1|1|1|1|0|||||||0|0|0|0|0|0|0|0|0|0|0|0|0|1|0|1|1|0|0|0|0|0|1|1|1|1|0|1|0|0|0|0|0|0|0|0|0|17033993|17|1707009|5|1|2||||0|0|0|0|0|1|0|0
2014|663507|2102 VESPERTINO|13|0|255|32|1|15||0|0|0|1|1|1|1|1|0|||||||0|0|0|0|0|0|0|0|0|0|0|0|0|1|0|1|1|0|0|0|0|0|1|1|1|1|0|1|0|0|0|0|0|0|0|0|0|17033993|17|1707009|5|1|2||||0|0|0|0|0|1|0|0
2014|663472|2103 VESPERTINO|13|0|255|30|1|15||0|0|0|1|1|1|1|1|0|||||||0|0|0|0|0|0|0|0|0|0|0|0|0|1|0|1|1|0|0|0|0|0|1|1|1|1|0|1|0|0|0|0|0|0|0|0|0|17033993|17|1707009|5|1|2||||0|0|0|0|0|1|0|0
2014|682981|2301 EMR MATUTINO|7|15|260|30|1|26||0|0|0|1|1|1|1|1|0|||||||0|0|0|0|0|0|0|0|0|0|0|1|1|1|1|0|1|1|0|0|0|0|1|1|1|1|1|0|0|1|0|0|0|0|0|0|0|17033993|17|1707009|5|1|2||||0|0|0|0|0|1|0|0
2014|689389|2302 EMR MATUTINO|7|15|260|29|1|26||0|0|0|1|1|1|1|1|0|||||||0|0|0|0|0|0|0|0|0|0|0|1|1|1|1|0|1|1|0|0|0|0|1|1|1|1|1|0|0|1|0|0|0|0|0|0|0|17033993|17|1707009|5|1|2||||0|0|0|0|0|1|0|0
2014|683910|2303 EMR MATUTINO|7|15|260|29|1|26||0|0|0|1|1|1|1|1|0|||||||0|0|0|0|0|0|0|0|0|0|0|1|1|1|1|0|1|1|0|0|0|0|1|1|1|1|1|0|0|1|0|0|0|0|0|0|0|17033993|17|1707009|5|1|2||||0|0|0|0|0|1|0|0
2014|684267|2304 EMR MATUTINO|7|15|260|29|1|26||0|0|0|1|1|1|1|1|0|||||||0|0|0|0|0|0|0|0|0|0|0|1|1|1|1|0|1|1|0|0|0|0|1|1|1|1|1|0|0|1|0|0|0|0|0|0|0|17033993|17|1707009|5|1|2||||0|0|0|0|0|1|0|0
2014|685152|2305 EMR NOTURNO|19|0|195|33|1|26||0|0|0|1|1|1|1|1|0|||||||0|0|0|0|0|0|0|0|0|0|0|1|1|1|1|0|1|1|0|0|0|0|1|1|1|1|1|0|0|1|0|0|0|0|0|0|0|17033993|17|1707009|5|1|2||||0|0|0|0|0|1|0|0
2014|663828|3101 VESPERTINO|13|0|255|32|1|16||0|0|0|1|1|1|1|1|0|||||||0|0|0|0|0|0|0|0|0|0|0|0|0|1|0|1|1|0|0|0|0|0|1|1|1|1|0|1|0|0|0|0|0|0|0|0|0|17033993|17|1707009|5|1|2||||0|0|0|0|0|1|0|0
2014|664052|3102 VESPERTINO|13|0|255|33|1|16||0|0|0|1|1|1|1|1|0|||||||0|0|0|0|0|0|0|0|0|0|0|0|0|1|0|1|1|0|0|0|0|0|1|1|1|1|0|1|0|0|0|0|0|0|0|0|0|17033993|17|1707009|5|1|2||||0|0|0|0|0|1|0|0
2014|664404|3103 VESPERTINO|13|0|255|32|1|16||0|0|0|1|1|1|1|1|0|||||||0|0|0|0|0|0|0|0|0|0|0|0|0|1|0|1|1|0|0|0|0|0|1|1|1|1|0|1|0|0|0|0|0|0|0|0|0|17033993|17|1707009|5|1|2||||0|0|0|0|0|1|0|0
2014|687753|3301 EMR MATUTINO|7|15|260|27|1|27||0|0|0|1|1|1|1|1|0|||||||0|0|0|0|0|0|0|0|0|0|0|1|1|1|1|0|1|1|0|0|0|0|1|1|1|1|1|0|0|1|0|0|0|0|0|0|0|17033993|17|1707009|5|1|2||||0|0|0|0|0|1|0|0
2014|688152|3302 EMR MATUTINO|7|15|260|35|1|27||0|0|0|1|1|1|1|1|0|||||||0|0|0|0|0|0|0|0|0|0|0|1|1|1|1|0|1|1|0|0|0|0|1|1|1|1|1|0|0|1|0|0|0|0|0|0|0|17033993|17|1707009|5|1|2||||0|0|0|0|0|1|0|0
2014|688083|3303 EMR MATUTINO|7|15|260|27|1|27||0|0|0|1|1|1|1|1|0|||||||0|0|0|0|0|0|0|0|0|0|0|1|1|1|1|0|1|1|0|0|0|0|1|1|1|1|1|0|0|1|0|0|0|0|0|0|0|17033993|17|1707009|5|1|2||||0|0|0|0|0|1|0|0
2014|688483|3304 EMR NOTURNO|19|0|195|25|1|27||0|0|0|1|1|1|1|1|0|||||||0|0|0|0|0|0|0|0|0|0|0|1|1|1|1|0|1|1|0|0|0|0|1|1|1|1|1|0|0|1|0|0|0|0|0|0|0|17033993|17|1707009|5|1|2||||0|0|0|0|0|1|0|0
2014|688543|3305 EMR NOTURNO|19|0|195|22|1|27||0|0|0|1|1|1|1|1|0|||||||0|0|0|0|0|0|0|0|0|0|0|1|1|1|1|0|1|1|0|0|0|0|1|1|1|1|1|0|0|1|0|0|0|0|0|0|0|17033993|17|1707009|5|1|2||||0|0|0|0|0|1|0|0
2014|664829|4101 VESPERTINO|13|0|255|31|1|17||0|0|0|1|1|1|1|1|0|||||||0|0|0|0|0|0|0|0|0|0|0|0|0|1|0|1|1|0|0|0|0|0|1|1|1|1|0|1|0|0|0|0|0|0|0|0|0|17033993|17|1707009|5|1|2||||0|0|0|0|0|1|0|0
2014|665169|4102 VESPERTINO|13|0|255|32|1|17||0|0|0|1|1|1|1|1|0|||||||0|0|0|0|0|0|0|0|0|0|0|0|0|1|0|1|1|0|0|0|0|0|1|1|1|1|0|1|0|0|0|0|0|0|0|0|0|17033993|17|1707009|5|1|2||||0|0|0|0|0|1|0|0
2014|665615|4103 VESPERTINO|13|0|255|25|1|17||0|0|0|1|1|1|1|1|0|||||||0|0|0|0|0|0|0|0|0|0|0|0|0|1|0|1|1|0|0|0|0|0|1|1|1|1|0|1|0|0|0|0|0|0|0|0|0|17033993|17|1707009|5|1|2||||0|0|0|0|0|1|0|0
2014|665300|4104 VESPERTINO|13|0|255|32|1|17||0|0|0|1|1|1|1|1|0|||||||0|0|0|0|0|0|0|0|0|0|0|0|0|1|0|1|1|0|0|0|0|0|1|1|1|1|0|1|0|0|0|0|0|0|0|0|0|17033993|17|1707009|5|1|2||||0|0|0|0|0|1|0|0
2014|665500|4105 VESPERTINO|13|0|255|31|1|17||0|0|0|1|1|1|1|1|0|||||||0|0|0|0|0|0|0|0|0|0|0|0|0|1|0|1|1|0|0|0|0|0|1|1|1|1|0|1|0|0|0|0|0|0|0|0|0|17033993|17|1707009|5|1|2||||0|0|0|0|0|1|0|0
2014|666257|5101 VESPERTINO|13|0|255|28|1|18||0|0|0|1|1|1|1|1|0|||||||0|0|0|0|0|0|0|0|0|0|0|0|0|1|0|1|1|0|0|0|0|0|1|1|1|1|0|1|0|0|0|0|0|0|0|0|0|17033993|17|1707009|5|1|2||||0|0|0|0|0|1|0|0
2014|666365|5102 VESPERTINO|13|0|255|29|1|18||0|0|0|1|1|1|1|1|0|||||||0|0|0|0|0|0|0|0|0|0|0|0|0|1|0|1|1|0|0|0|0|0|1|1|1|1|0|1|0|0|0|0|0|0|0|0|0|17033993|17|1707009|5|1|2||||0|0|0|0|0|1|0|0
2014|666722|5103 VESPERTINO|13|0|255|27|1|18||0|0|0|1|1|1|1|1|0|||||||0|0|0|0|0|0|0|0|0|0|0|0|0|1|0|1|1|0|0|0|0|0|1|1|1|1|0|1|0|0|0|0|0|0|0|0|0|17033993|17|1707009|5|1|2||||0|0|0|0|0|1|0|0
2014|666840|5104 VESPERTINO|13|0|255|28|1|18||0|0|0|1|1|1|1|1|0|||||||0|0|0|0|0|0|0|0|0|0|0|0|0|1|0|1|1|0|0|0|0|0|1|1|1|1|0|1|0|0|0|0|0|0|0|0|0|17033993|17|1707009|5|1|2||||0|0|0|0|0|1|0|0
2014|667029|5105 VESPERTINO|13|0|255|27|1|18||0|0|0|1|1|1|1|1|0|||||||0|0|0|0|0|0|0|0|0|0|0|0|0|1|0|1|1|0|0|0|0|0|1|1|1|1|0|1|0|0|0|0|0|0|0|0|0|17033993|17|1707009|5|1|2||||0|0|0|0|0|1|0|0
2014|667458|6201 VESPERTINO|13|0|255|36|1|19||0|0|0|1|1|1|1|1|0|||||||0|0|0|0|0|0|0|0|0|0|0|0|0|1|0|1|1|1|0|0|0|0|1|1|1|1|0|1|0|0|0|0|0|0|0|0|0|17033993|17|1707009|5|1|2||||0|0|0|0|0|1|0|0
2014|667628|6202 VESPERTINO|13|0|255|36|1|19||0|0|0|1|1|1|1|1|0|||||||0|0|0|0|0|0|0|0|0|0|0|0|0|1|0|1|1|1|0|0|0|0|1|1|1|1|0|1|0|0|0|0|0|0|0|0|0|17033993|17|1707009|5|1|2||||0|0|0|0|0|1|0|0
2014|668005|6203 VESPERTINO|13|0|255|37|1|19||0|0|0|1|1|1|1|1|0|||||||0|0|0|0|0|0|0|0|0|0|0|0|0|1|0|1|1|1|0|0|0|0|1|1|1|1|0|1|0|0|0|0|0|0|0|0|0|17033993|17|1707009|5|1|2||||0|0|0|0|0|1|0|0
2014|667771|6204 VESPERTINO|13|0|255|37|1|19||0|0|0|1|1|1|1|1|0|||||||0|0|0|0|0|0|0|0|0|0|0|0|0|1|0|1|1|1|0|0|0|0|1|1|1|1|0|1|0|0|0|0|0|0|0|0|0|17033993|17|1707009|5|1|2||||0|0|0|0|0|1|0|0
2014|667695|7201 MATUTINO|7|15|260|31|1|20||0|0|0|1|1|1|1|1|0|||||||0|0|0|0|0|0|0|0|0|0|0|0|0|1|0|1|1|1|0|0|0|0|1|1|1|1|0|1|0|0|0|0|0|0|0|0|0|17033993|17|1707009|5|1|2||||0|0|0|0|0|1|0|0
2014|668099|7202 MATUTINO|7|15|260|36|1|20||0|0|0|1|1|1|1|1|0|||||||0|0|0|0|0|0|0|0|0|0|0|0|0|1|0|1|1|1|0|0|0|0|1|1|1|1|0|1|0|0|0|0|0|0|0|0|0|17033993|17|1707009|5|1|2||||0|0|0|0|0|1|0|0
2014|668537|7203 MATUTINO|7|15|260|36|1|20||0|0|0|1|1|1|1|1|0|||||||0|0|0|0|0|0|0|0|0|0|0|0|0|1|0|1|1|1|0|0|0|0|1|1|1|1|0|1|0|0|0|0|0|0|0|0|0|17033993|17|1707009|5|1|2||||0|0|0|0|0|1|0|0
2014|2466537|7ABT|13|0|240|33|1|20||0|0|0|1|1|1|1|1|0|||||||0|0|0|0|0|0|0|0|0|0|0|0|0|1|0|1|1|1|0|0|0|0|1|1|1|1|0|1|0|0|0|0|0|0|0|0|0|23072270|23|2304400|5|1|3||||0|0|0|0|0|1|0|0
2014|2466539|7ACT|13|0|240|35|1|20||0|0|0|1|1|1|1|1|0|||||||0|0|0|0|0|0|0|0|0|0|0|0|0|1|0|1|1|1|0|0|0|0|1|1|1|1|0|1|0|0|0|0|0|0|0|0|0|23072270|23|2304400|5|1|3||||0|0|0|0|0|1|0|0
2014|2466538|7ADT|13|0|240|33|1|20||0|0|0|1|1|1|1|1|0|||||||0|0|0|0|0|0|0|0|0|0|0|0|0|1|0|1|1|1|0|0|0|0|1|1|1|1|0|1|0|0|0|0|0|0|0|0|0|23072270|23|2304400|5|1|3||||0|0|0|0|0|1|0|0
2014|2466565|ATEND EDUC ESP-A-M|7|10|50|1||||5||0|1|0|1|0|0|0|||||||0|0|1|0|0|0|1|0|0|0|1|0|0|0|0|0|0|0|0|0|0|0|0|0|0|0|0|0|0|0|0|0|0|0|0|0|0|23072270|23|2304400|5|1|3||||0|0|0|0|0|1|0|0
2014|2466568|ATEND EDUC ESP-A-T|13|10|50|1||||5||0|1|0|0|0|0|0|||||||0|0|1|0|0|0|1|0|0|0|1|0|0|0|0|0|0|0|0|0|0|0|0|0|0|0|0|0|0|0|0|0|0|0|0|0|0|23072270|23|2304400|5|1|3||||0|0|0|0|0|1|0|0
2014|2466561|ATEND EDUC ESP-C-M|8|0|50|1||||5||0|1|0|1|0|0|0|||||||0|0|1|0|0|0|1|0|0|0|1|0|0|0|0|0|0|0|0|0|0|0|0|0|0|0|0|0|0|0|0|0|0|0|0|0|0|23072270|23|2304400|5|1|3||||0|0|0|0|0|1|0|0
2014|2466571|ATEND EDUC ESP-C-T|13|10|50|1||||5||0|0|1|0|0|0|0|||||||0|0|1|0|0|0|1|0|0|0|1|0|0|0|0|0|0|0|0|0|0|0|0|0|0|0|0|0|0|0|0|0|0|0|0|0|0|23072270|23|2304400|5|1|3||||0|0|0|0|0|1|0|0
2014|2466563|ATEND EDUC ESP-D-M|8|0|50|1||||5||0|0|1|0|1|0|0|||||||0|0|1|0|0|0|1|0|0|0|1|0|0|0|0|0|0|0|0|0|0|0|0|0|0|0|0|0|0|0|0|0|0|0|0|0|0|23072270|23|2304400|5|1|3||||0|0|0|0|0|1|0|0
2014|2466569|ATEND EDUC ESP-D-T|14|0|50|2||||5||0|0|1|0|0|0|0|||||||0|0|1|0|0|0|1|0|0|0|1|0|0|0|0|0|0|0|0|0|0|0|0|0|0|0|0|0|0|0|0|0|0|0|0|0|0|23072270|23|2304400|5|1|3||||0|0|0|0|0|1|0|0
2014|2466560|ATEND EDUC ESP-E-M|9|20|50|1||||5||0|1|0|1|0|0|0|||||||0|0|1|0|0|0|1|0|0|0|1|0|0|0|0|0|0|0|0|0|0|0|0|0|0|0|0|0|0|0|0|0|0|0|0|0|0|23072270|23|2304400|5|1|3||||0|0|0|0|0|1|0|0
2014|2466566|ATEND EDUC ESP-E-T|15|20|50|1||||5||0|1|0|0|0|0|0|||||||0|0|1|0|0|0|1|0|0|0|1|0|0|0|0|0|0|0|0|0|0|0|0|0|0|0|0|0|0|0|0|0|0|0|0|0|0|23072270|23|2304400|5|1|3||||0|0|0|0|0|1|0|0
2014|2466564|ATEND EDUC ESP-F-M|9|20|50|1||||5||0|0|1|0|0|0|0|||||||0|0|1|0|0|0|1|0|0|0|1|0|0|0|0|0|0|0|0|0|0|0|0|0|0|0|0|0|0|0|0|0|0|0|0|0|0|23072270|23|2304400|5|1|3||||0|0|0|0|0|1|0|0
2014|2466570|ATEND EDUC ESP-F-T|15|20|50|1||||5||0|0|1|0|0|0|0|||||||0|0|1|0|0|0|1|0|0|0|1|0|0|0|0|0|0|0|0|0|0|0|0|0|0|0|0|0|0|0|0|0|0|0|0|0|0|23072270|23|2304400|5|1|3||||0|0|0|0|0|1|0|0
2014|2466572|ATEND EDUC ESP-J-T|15|20|50|2||||5||0|0|0|1|0|0|0|||||||0|0|1|0|0|0|1|0|0|0|1|0|0|0|0|0|0|0|0|0|0|0|0|0|0|0|0|0|0|0|0|0|0|0|0|0|0|23072270|23|2304400|5|1|3||||0|0|0|0|0|1|0|0
2014|2466575|ATEND EDUC ESP-K-T|14|0|50|1||||5||0|0|0|0|1|0|0|||||||0|0|1|0|0|0|1|0|0|0|1|0|0|0|0|0|0|0|0|0|0|0|0|0|0|0|0|0|0|0|0|0|0|0|0|0|0|23072270|23|2304400|5|1|3||||0|0|0|0|0|1|0|0
2014|2466540|EJAIIAN|18|0|240|34|3|43||0||0|1|1|1|1|1|0|||||||0|0|0|0|0|0|0|0|0|0|0|0|0|1|0|1|1|0|0|0|0|0|1|0|1|1|0|1|0|0|0|0|0|0|0|0|0|23072270|23|2304400|5|1|3||||0|0|0|0|0|1|0|0
2014|2466541|EJAIIIAN|18|0|240|41|3|44||0||0|1|1|1|1|1|0|||||||0|0|0|0|0|0|0|0|0|0|0|0|0|1|0|1|1|0|0|0|0|0|1|0|1|1|0|1|0|0|0|0|0|0|0|0|0|23072270|23|2304400|5|1|3||||0|0|0|0|0|1|0|0
2014|2466543|EJAIVAN|18|0|240|43|3|44||0||0|1|1|1|1|1|0|||||||0|0|0|0|0|0|0|0|0|0|0|0|0|1|0|1|1|1|0|0|0|0|1|0|1|1|0|1|0|0|0|0|0|0|0|0|0|23072270|23|2304400|5|1|3||||0|0|0|0|0|1|0|0
2014|2466542|EJAIVBN|18|0|240|44|3|44||0||0|1|1|1|1|1|0|||||||0|0|0|0|0|0|0|0|0|0|0|0|0|1|0|1|1|1|0|0|0|0|1|0|1|1|0|1|0|0|0|0|0|0|0|0|0|23072270|23|2304400|5|1|3||||0|0|0|0|0|1|0|0
2014|2466544|EJAVAN|18|0|240|33|3|44||0||0|1|1|1|1|1|0|||||||0|0|0|0|0|0|0|0|0|0|0|0|0|1|0|1|1|1|0|0|0|0|1|0|1|1|0|1|0|0|0|0|0|0|0|0|0|23072270|23|2304400|5|1|3||||0|0|0|0|0|1|0|0
2014|2466545|EJAVBN|18|0|240|29|3|44||0||0|1|1|1|1|1|0|||||||0|0|0|0|0|0|0|0|0|0|0|0|0|1|0|1|1|1|0|0|0|0|1|0|1|1|0|1|0|0|0|0|0|0|0|0|0|23072270|23|2304400|5|1|3||||0|0|0|0|0|1|0|0
2014|2466547|MAIS EDUC-A-M|7|30|180|30||||4|1|0|1|1|1|1|1|0|21001|31001|31002|11005|11008||0|0|0|0|0|0|0|0|0|0|0|0|0|0|0|0|0|0|0|0|0|0|0|0|0|0|0|0|0|0|0|0|0|0|0|0|0|23072270|23|2304400|5|1|3||||0|0|0|0|0|1|0|0
2014|2466550|MAIS EDUC-B-M|7|30|180|32||||4|1|0|1|1|1|1|1|0|11008|21001|11005||||0|0|0|0|0|0|0|0|0|0|0|0|0|0|0|0|0|0|0|0|0|0|0|0|0|0|0|0|0|0|0|0|0|0|0|0|0|23072270|23|2304400|5|1|3||||0|0|0|0|0|1|0|0
2014|2466551|MAIS EDUC-C-M|7|30|180|30||||4|1|0|1|1|1|1|1|0|11005|11008|21001||||0|0|0|0|0|0|0|0|0|0|0|0|0|0|0|0|0|0|0|0|0|0|0|0|0|0|0|0|0|0|0|0|0|0|0|0|0|23072270|23|2304400|5|1|3||||0|0|0|0|0|1|0|0
2014|2466552|MAIS EDUC-D-M|7|30|180|30||||4|1|0|1|1|1|1|1|0|11005|11008|21001||||0|0|0|0|0|0|0|0|0|0|0|0|0|0|0|0|0|0|0|0|0|0|0|0|0|0|0|0|0|0|0|0|0|0|0|0|0|23072270|23|2304400|5|1|3||||0|0|0|0|0|1|0|0
2014|2466548|MAIS EDUC-E-M|7|30|180|30||||4|1|0|1|1|1|1|1|0|11005|11008|21001||||0|0|0|0|0|0|0|0|0|0|0|0|0|0|0|0|0|0|0|0|0|0|0|0|0|0|0|0|0|0|0|0|0|0|0|0|0|23072270|23|2304400|5|1|3||||0|0|0|0|0|1|0|0
2014|2466549|MAIS EDUC-F-M|7|30|180|29||||4|1|0|1|1|1|1|1|0|11005|11008|21001||||0|0|0|0|0|0|0|0|0|0|0|0|0|0|0|0|0|0|0|0|0|0|0|0|0|0|0|0|0|0|0|0|0|0|0|0|0|23072270|23|2304400|5|1|3||||0|0|0|0|0|1|0|0
2014|2466558|MAIS EDUC-G-T|13|30|180|27||||4|1|0|1|1|1|1|1|0|11008|21001|31001|11005|31002||0|0|0|0|0|0|0|0|0|0|0|0|0|0|0|0|0|0|0|0|0|0|0|0|0|0|0|0|0|0|0|0|0|0|0|0|0|23072270|23|2304400|5|1|3||||0|0|0|0|0|1|0|0
2014|2466554|MAIS EDUC-H-T|13|30|180|28||||4|1|0|1|1|1|1|1|0|11005|11008|21001||||0|0|0|0|0|0|0|0|0|0|0|0|0|0|0|0|0|0|0|0|0|0|0|0|0|0|0|0|0|0|0|0|0|0|0|0|0|23072270|23|2304400|5|1|3||||0|0|0|0|0|1|0|0
2014|2466555|MAIS EDUC-I-T|13|30|180|26||||4|1|0|1|1|1|1|1|0|11005|21001|||||0|0|0|0|0|0|0|0|0|0|0|0|0|0|0|0|0|0|0|0|0|0|0|0|0|0|0|0|0|0|0|0|0|0|0|0|0|23072270|23|2304400|5|1|3||||0|0|0|0|0|1|0|0
2014|2466553|MAIS EDUC-J-T|13|30|180|25||||4|1|0|1|1|1|1|1|0|11005|21001|||||0|0|0|0|0|0|0|0|0|0|0|0|0|0|0|0|0|0|0|0|0|0|0|0|0|0|0|0|0|0|0|0|0|0|0|0|0|23072270|23|2304400|5|1|3||||0|0|0|0|0|1|0|0
2014|2466556|MAIS EDUC-K-T|13|30|180|25||||4|1|0|1|1|1|1|1|0|11005|11008|21001||||0|0|0|0|0|0|0|0|0|0|0|0|0|0|0|0|0|0|0|0|0|0|0|0|0|0|0|0|0|0|0|0|0|0|0|0|0|23072270|23|2304400|5|1|3||||0|0|0|0|0|1|0|0
2014|2466557|MAIS EDUC-L-T|13|30|180|26||||4|1|0|1|1|1|1|1|0|11005|11008|21001||||0|0|0|0|0|0|0|0|0|0|0|0|0|0|0|0|0|0|0|0|0|0|0|0|0|0|0|0|0|0|0|0|0|0|0|0|0|23072270|23|2304400|5|1|3||||0|0|0|0|0|1|0|0
2014|2466546|PCAIAM|7|0|240|22|1|23||0|0|0|1|1|1|1|1|0|||||||0|0|0|0|0|0|0|0|0|0|0|0|0|1|0|1|1|0|0|0|0|0|0|0|1|1|0|1|0|0|0|0|0|0|0|0|0|23072270|23|2304400|5|1|3||||0|0|0|0|0|1|0|0
2014|426497|1ª SERIE A|7|0|290|33|1|25||0||0|1|1|1|1|1|0|||||||0|0|0|0|0|0|0|0|0|0|0|1|1|1|1|0|1|1|1|0|0|0|1|1|1|1|1|0|0|1|0|0|0|0|0|0|0|23072288|23|2304400|5|1|4|1|0||1|0|0|0|0|1|0|0
2014|426268|1º ANO A|7|0|240|24|1|14||0||0|1|1|1|1|1|0|||||||0|0|0|0|0|0|0|0|0|0|0|0|0|1|0|1|1|0|0|0|0|0|0|0|1|1|0|0|0|0|0|0|0|0|0|0|0|23072288|23|2304400|5|1|4|1|0||1|0|0|0|0|1|0|0
2014|1600386|3º ANO - A|7|0|420|20|1|16||0|1|0|1|1|1|1|1|0|||||||0|0|0|0|0|0|0|0|0|0|0|0|0|1|0|1|1|0|0|0|0|0|1|1|1|1|0|1|0|0|0|0|0|0|0|0|0|25049860|25|2516300|5|1|3||||0|0|0|0|0|1|0|0
2014|1604269|3º ANO - B|7|0|420|18|1|16||0|1|0|1|1|1|1|1|0|||||||0|0|0|0|0|0|0|0|0|0|0|0|0|1|0|1|1|0|0|0|0|0|1|1|1|1|0|1|0|0|0|0|0|0|0|0|0|25049860|25|2516300|5|1|3||||0|0|0|0|0|1|0|0
2014|1651330|3º ANO C|10|0|420|23|1|16||0|1|0|1|1|1|1|1|0|||||||0|0|0|0|0|0|0|0|0|0|0|0|0|1|0|1|1|0|0|0|0|0|1|1|1|1|0|1|0|0|0|0|0|0|0|0|0|25049860|25|2516300|5|1|3||||0|0|0|0|0|1|0|0
2014|1655597|4º ANO - A|7|0|420|25|1|17||0|1|0|1|1|1|1|1|0|||||||0|0|0|0|0|0|0|0|0|0|0|0|0|1|0|1|1|0|0|0|0|0|1|1|1|1|0|1|0|0|0|0|0|0|0|0|0|25049860|25|2516300|5|1|3||||0|0|0|0|0|1|0|0
2014|1735163|4º ANO - B|10|0|420|22|1|17||0|1|0|1|1|1|1|1|0|||||||0|0|0|0|0|0|0|0|0|0|0|0|0|1|0|1|1|0|0|0|0|0|1|1|1|1|0|1|0|0|0|0|0|0|0|0|0|25049860|25|2516300|5|1|3||||0|0|0|0|0|1|0|0
2014|1856330|5º ANO - A|7|0|420|26|1|18||0|1|0|1|1|1|1|1|0|||||||0|0|0|0|0|0|0|0|0|0|0|0|0|1|0|1|1|1|0|0|0|0|1|1|1|1|0|1|0|0|0|0|0|0|0|0|0|25049860|25|2516300|5|1|3||||0|0|0|0|0|1|0|0
2014|1858041|5º ANO - B|10|0|420|25|1|18||0|1|0|1|1|1|1|1|0|||||||0|0|0|0|0|0|0|0|0|0|0|0|0|1|0|1|1|1|0|0|0|0|1|1|1|1|0|1|0|0|0|0|0|0|0|0|0|25049860|25|2516300|5|1|3||||0|0|0|0|0|1|0|0
2014|2876877|EJA|19|0|180|15|3|43||0||0|1|1|1|1|1|0|||||||0|0|0|0|0|0|0|0|0|0|0|0|0|1|0|1|1|0|0|0|0|0|1|0|1|1|0|0|0|0|0|0|0|0|0|0|0|25049860|25|2516300|5|1|3||||0|0|0|0|0|1|0|0
2014|1876530|JARDIM - I|7|0|255|21|1|2||0||0|1|1|1|1|1|0|||||||0|0|0|0|0|0|0|0|0|0|0|0|0|0|0|0|0|0|0|0|0|0|0|0|0|0|0|0|0|0|0|0|0|0|0|0|0|25049860|25|2516300|5|1|3||||0|0|0|0|0|1|0|0
2014|1467260|JARDIM - II A|7|0|255|20|1|2||0||0|1|1|1|1|1|0|||||||0|0|0|0|0|0|0|0|0|0|0|0|0|0|0|0|0|0|0|0|0|0|0|0|0|0|0|0|0|0|0|0|0|0|0|0|0|25049860|25|2516300|5|1|3||||0|0|0|0|0|1|0|0
2014|1467258|JARDIM - II B|13|0|255|14|1|2||0||0|1|1|1|1|1|0|||||||0|0|0|0|0|0|0|0|0|0|0|0|0|0|0|0|0|0|0|0|0|0|0|0|0|0|0|0|0|0|0|0|0|0|0|0|0|25049860|25|2516300|5|1|3||||0|0|0|0|0|1|0|0
2014|2777517|TURMA BILINGUE|7|0|270|4||||5||0|1|1|1|1|1|0|||||||0|0|0|0|1|0|0|0|0|1|0|0|0|0|0|0|0|0|0|0|0|0|0|0|0|0|0|0|0|0|0|0|0|0|0|0|0|25049976|25|2516300|5|1|3||||0|0|0|0|0|1|0|0
2014|361771|1 º ANO A MANHA|7|0|240|9|1|14||0||0|1|1|1|1|1|0|||||||0|0|0|0|0|0|0|0|0|0|0|0|0|1|0|1|1|0|0|0|0|0|1|0|1|1|0|0|0|0|0|0|0|0|0|0|0|25119745|25|2501807|5|1|4|1|1|2|1|0|0|0|0|1|0|0
2014|361435|1 º ANO B TARDE|13|0|240|24|1|14||0||0|1|1|1|1|1|0|||||||0|0|0|0|0|0|0|0|0|0|0|0|0|1|0|1|1|0|0|0|0|0|1|0|1|1|0|0|0|0|0|0|0|0|0|0|0|25119745|25|2501807|5|1|4|1|1|2|1|0|0|0|0|1|0|0
2014|361155|2 º ANO MANHA|7|0|240|7|1|15||0||0|1|1|1|1|1|0|||||||0|0|0|0|0|0|0|0|0|0|0|0|0|1|0|1|1|0|0|0|0|0|1|0|1|1|0|0|0|0|0|0|0|0|0|0|0|25119745|25|2501807|5|1|4|1|1|2|1|0|0|0|0|1|0|0
2014|356960|INFANTIL III A MANHA|7|0|240|9|1|2||0||0|1|1|1|1|1|0|||||||0|0|0|0|0|0|0|0|0|0|0|0|0|0|0|0|0|0|0|0|0|0|0|0|0|0|0|0|0|0|0|0|0|0|0|0|0|25119745|25|2501807|5|1|4|1|1|2|1|0|0|0|0|1|0|0
2014|327634|INFANTIL III B TARDE|13|0|240|16|1|1||0||0|1|1|1|1|1|0|||||||0|0|0|0|0|0|0|0|0|0|0|0|0|0|0|0|0|0|0|0|0|0|0|0|0|0|0|0|0|0|0|0|0|0|0|0|0|25119745|25|2501807|5|1|4|1|1|2|1|0|0|0|0|1|0|0
2014|357183|INFANTIL IV TARDE|13|0|240|26|1|2||0||0|1|1|1|1|1|0|||||||0|0|0|0|0|0|0|0|0|0|0|0|0|0|0|0|0|0|0|0|0|0|0|0|0|0|0|0|0|0|0|0|0|0|0|0|0|25119745|25|2501807|5|1|4|1|1|2|1|0|0|0|0|1|0|0
2014|322410|INFANTIL V TARDE|13|0|240|21|1|2||0||0|1|1|1|1|1|0|||||||0|0|0|0|0|0|0|0|0|0|0|0|0|0|0|0|0|0|0|0|0|0|0|0|0|0|0|0|0|0|0|0|0|0|0|0|0|25119745|25|2501807|5|1|4|1|1|2|1|0|0|0|0|1|0|0
2014|2131519|PRE I A|7|0|240|25|1|2||0||0|1|1|1|1|1|0|||||||0|0|0|0|0|0|0|0|0|0|0|0|0|0|0|0|0|0|0|0|0|0|0|0|0|0|0|0|0|0|0|0|0|0|0|0|0|25087720|25|2509305|5|1|3||||0|0|0|0|0|1|0|0
2014|2131286|PRE I B|7|0|240|22|1|2||0||0|1|1|1|1|1|0|||||||0|0|0|0|0|0|0|0|0|0|0|0|0|0|0|0|0|0|0|0|0|0|0|0|0|0|0|0|0|0|0|0|0|0|0|0|0|25087720|25|2509305|5|1|3||||0|0|0|0|0|1|0|0
2014|2131525|PRE I C|13|0|240|24|1|2||0||0|1|1|1|1|1|0|||||||0|0|0|0|0|0|0|0|0|0|0|0|0|0|0|0|0|0|0|0|0|0|0|0|0|0|0|0|0|0|0|0|0|0|0|0|0|25087720|25|2509305|5|1|3||||0|0|0|0|0|1|0|0
2014|2131702|PRE I D|13|0|240|25|1|2||0||0|1|1|1|1|1|0|||||||0|0|0|0|0|0|0|0|0|0|0|0|0|0|0|0|0|0|0|0|0|0|0|0|0|0|0|0|0|0|0|0|0|0|0|0|0|25087720|25|2509305|5|1|3||||0|0|0|0|0|1|0|0
2014|2149448|PRE II A|7|0|240|28|1|2||0||0|1|1|1|1|1|0|||||||0|0|0|0|0|0|0|0|0|0|0|0|0|0|0|0|0|0|0|0|0|0|0|0|0|0|0|0|0|0|0|0|0|0|0|0|0|25087720|25|2509305|5|1|3||||0|0|0|0|0|1|0|0
2014|2149292|PRE II B|7|0|240|29|1|2||0||0|1|1|1|1|1|0|||||||0|0|0|0|0|0|0|0|0|0|0|0|0|0|0|0|0|0|0|0|0|0|0|0|0|0|0|0|0|0|0|0|0|0|0|0|0|25087720|25|2509305|5|1|3||||0|0|0|0|0|1|0|0
2014|2159949|PRE II C|13|0|240|29|1|2||0||0|1|1|1|1|1|0|||||||0|0|0|0|0|0|0|0|0|0|0|0|0|0|0|0|0|0|0|0|0|0|0|0|0|0|0|0|0|0|0|0|0|0|0|0|0|25087720|25|2509305|5|1|3||||0|0|0|0|0|1|0|0
2014|2162401|PRE II D|13|0|240|33|1|2||0||0|1|1|1|1|1|0|||||||0|0|0|0|0|0|0|0|0|0|0|0|0|0|0|0|0|0|0|0|0|0|0|0|0|0|0|0|0|0|0|0|0|0|0|0|0|25087720|25|2509305|5|1|3||||0|0|0|0|0|1|0|0
2014|1689466|MATERNAL MANHA|7|0|240|29|1|2||0||0|1|1|1|1|1|0|||||||0|0|0|0|0|0|0|0|0|0|0|0|0|0|0|0|0|0|0|0|0|0|0|0|0|0|0|0|0|0|0|0|0|0|0|0|0|25108441|25|2505006|5|1|3||||0|0|0|0|0|1|0|0
2014|1756828|MATERNAL TARDE|13|0|240|25|1|2||0||0|1|1|1|1|1|0|||||||0|0|0|0|0|0|0|0|0|0|0|0|0|0|0|0|0|0|0|0|0|0|0|0|0|0|0|0|0|0|0|0|0|0|0|0|0|25108441|25|2505006|5|1|3||||0|0|0|0|0|1|0|0
2014|1735507|PRE I MANHA|7|0|240|28|1|2||0||0|1|1|1|1|1|0|||||||0|0|0|0|0|0|0|0|0|0|0|0|0|0|0|0|0|0|0|0|0|0|0|0|0|0|0|0|0|0|0|0|0|0|0|0|0|25108441|25|2505006|5|1|3||||0|0|0|0|0|1|0|0
2014|1781830|PRE I TARDE|13|0|240|24|1|2||0||0|1|1|1|1|1|0|||||||0|0|0|0|0|0|0|0|0|0|0|0|0|0|0|0|0|0|0|0|0|0|0|0|0|0|0|0|0|0|0|0|0|0|0|0|0|25108441|25|2505006|5|1|3||||0|0|0|0|0|1|0|0
2014|734476|MULTISSERIADO|13|0|255|19|1|56||0|0|0|1|1|1|1|1|0|||||||0|0|0|0|0|0|0|0|0|0|0|0|0|1|0|1|1|0|0|0|0|0|1|1|1|1|0|1|0|0|0|0|0|0|0|0|0|25011120|25|2514503|5|2|3||||0|0|0|0|0|2|0|0
2014|84514|1º ANO DO ENSINO MEDIO|7|0|290|21|1|25||0||0|1|1|1|1|1|0|||||||0|0|0|0|0|0|0|0|0|0|0|1|1|1|1|0|1|1|1|0|0|0|1|1|1|1|1|0|0|1|0|0|0|0|0|0|0|25302922|25|2503704|5|1|4|1|1|1|1|0|0|0|0|1|0|0
2014|84746|2º ANO DE ENSINO MEDIO|7|0|290|28|1|26||0||0|1|1|1|1|1|0|||||||0|0|0|0|0|0|0|0|0|0|0|1|1|1|1|0|1|1|1|0|0|0|1|1|1|1|1|0|0|1|0|0|0|0|0|0|0|25302922|25|2503704|5|1|4|1|1|1|1|0|0|0|0|1|0|0
2014|84372|3º ANO DO ENSINO MEDIO|7|0|290|24|1|27||0||0|1|1|1|1|1|0|||||||0|0|0|0|0|0|0|0|0|0|0|1|1|1|1|0|1|1|1|0|0|0|1|1|1|1|1|0|0|1|0|0|0|0|0|0|0|25302922|25|2503704|5|1|4|1|1|1|1|0|0|0|0|1|0|0
2014|83941|6º ANO|7|0|255|7|1|19||0||0|1|1|1|1|1|0|||||||0|0|0|0|0|0|0|0|0|0|0|0|0|1|0|1|1|1|1|0|0|0|1|1|1|1|1|0|0|0|0|0|0|0|0|0|0|25302922|25|2503704|5|1|4|1|1|1|1|0|0|0|0|1|0|0
2014|829760|PRE II B V|13|15|255|28|1|2||0||0|1|1|1|1|1|0|||||||0|0|0|0|0|0|0|0|0|0|0|0|0|0|0|0|0|0|0|0|0|0|0|0|0|0|0|0|0|0|0|0|0|0|0|0|0|17041961|17|1703107|5|1|3||||0|0|0|0|0|1|0|0
2014|829763|SALA DE RECURSO MULTIFUNCIONAL M|7|15|255|3||||5||0|1|1|1|1|0|0|||||||0|0|0|1|0|0|0|0|1|1|1|0|0|0|0|0|0|0|0|0|0|0|0|0|0|0|0|0|0|0|0|0|0|0|0|0|0|17041961|17|1703107|5|1|3||||0|0|0|0|0|1|0|0
2014|829762|SALA DE RECURSOS MULTIFUNCIONAIS V|13|15|255|1||||5||0|1|1|1|1|0|0|||||||0|0|0|1|0|0|0|0|1|1|1|0|0|0|0|0|0|0|0|0|0|0|0|0|0|0|0|0|0|0|0|0|0|0|0|0|0|17041961|17|1703107|5|1|3||||0|0|0|0|0|1|0|0
2014|2569803|1ª SERIE TURMA A|7|0|255|32|1|25||0|0|0|1|1|1|1|1|0|||||||0|0|0|0|0|0|0|0|0|0|0|1|1|1|1|0|1|1|0|0|0|0|1|1|1|1|1|0|0|1|0|0|0|0|0|0|1|23025905|23|2312908|5|1|2||||0|0|0|0|0|1|0|0
2014|2569804|1ª SERIE TURMA B|7|0|255|27|1|25||0|0|0|1|1|1|1|1|0|||||||0|0|0|0|0|0|0|0|0|0|0|1|1|1|1|0|1|1|0|0|0|0|1|1|1|1|1|0|0|1|0|0|0|0|0|0|1|23025905|23|2312908|5|1|2||||0|0|0|0|0|1|0|0
2014|2569806|1ª SERIE TURMA C|13|0|255|36|1|25||0|0|0|1|1|1|1|1|0|||||||0|0|0|0|0|0|0|0|0|0|0|1|1|1|1|0|1|1|0|0|0|0|1|1|1|1|1|0|0|1|0|0|0|0|0|0|1|23025905|23|2312908|5|1|2||||0|0|0|0|0|1|0|0
2014|2569807|1ª SERIE TURMA D|13|0|255|37|1|25||0|0|0|1|1|1|1|1|0|||||||0|0|0|0|0|0|0|0|0|0|0|1|1|1|1|0|1|1|0|0|0|0|1|1|1|1|1|0|0|1|0|0|0|0|0|0|1|23025905|23|2312908|5|1|2||||0|0|0|0|0|1|0|0
2014|2569805|1ª SERIE TURMA E|18|30|225|38|1|25||0|0|0|1|1|1|1|1|0|||||||0|0|0|0|0|0|0|0|0|0|0|1|1|1|1|0|1|1|0|0|0|0|1|1|1|1|1|0|0|1|0|0|0|0|0|0|1|23025905|23|2312908|5|1|2||||0|0|0|0|0|1|0|0
2014|2569808|2ª SERIE TURMA A|7|0|255|37|1|26||0|0|0|1|1|1|1|1|0|||||||0|0|0|0|0|0|0|0|0|0|0|1|1|1|1|0|1|1|0|0|0|0|0|1|1|1|1|0|0|1|0|0|0|0|0|0|1|23025905|23|2312908|5|1|2||||0|0|0|0|0|1|0|0
2014|2569809|2ª SERIE TURMA B|7|0|255|35|1|26||0|0|0|1|1|1|1|1|0|||||||0|0|0|0|0|0|0|0|0|0|0|1|1|1|1|0|1|1|0|0|0|0|0|1|1|1|1|0|0|1|0|0|0|0|0|0|1|23025905|23|2312908|5|1|2||||0|0|0|0|0|1|0|0
2014|2569810|2ª SERIE TURMA C|7|0|255|32|1|26||0|0|0|1|1|1|1|1|0|||||||0|0|0|0|0|0|0|0|0|0|0|1|1|1|1|0|1|1|0|0|0|0|0|1|1|1|1|0|0|1|0|0|0|0|0|0|1|23025905|23|2312908|5|1|2||||0|0|0|0|0|1|0|0
2014|2569812|2ª SERIE TURMA D|13|0|255|33|1|26||0|0|0|1|1|1|1|1|0|||||||0|0|0|0|0|0|0|0|0|0|0|1|1|1|1|0|1|1|0|0|0|0|0|1|1|1|1|0|0|1|0|0|0|0|0|0|1|23025905|23|2312908|5|1|2||||0|0|0|0|0|1|0|0
2014|372516|1º ANO A EDUCACAO INFANTIL|7|30|270|16|1|2||0||0|1|1|1|1|1|0|||||||0|0|0|0|0|0|0|0|0|0|0|0|0|0|0|0|0|0|0|0|0|0|0|0|0|0|0|0|0|0|0|0|0|0|0|0|0|17046807|17|1721000|5|1|4|4|0||1|0|0|0|0|1|0|0
2014|2569796|2ª SERIE TURMA E|13|0|255|37|1|26||0|0|0|1|1|1|1|1|0|||||||0|0|0|0|0|0|0|0|0|0|0|1|1|1|1|0|1|1|0|0|0|0|0|1|1|1|1|0|0|1|0|0|0|0|0|0|1|23025905|23|2312908|5|1|2||||0|0|0|0|0|1|0|0
2014|372511|1º ANO A ENSINO FUNDAMENTAL|7|30|270|27|1|14||0||0|1|1|1|1|1|0|||||||0|0|0|0|0|0|0|0|0|0|0|0|0|1|0|1|1|1|0|0|0|0|1|1|1|1|0|1|0|0|0|0|0|0|0|0|0|17046807|17|1721000|5|1|4|4|0||1|0|0|0|0|1|0|0
2014|2569811|2ª SERIE TURMA F|18|30|225|39|1|26||0|0|0|1|1|1|1|1|0|||||||0|0|0|0|0|0|0|0|0|0|0|1|1|1|1|0|1|1|0|0|0|0|0|1|1|1|1|0|0|1|0|0|0|0|0|0|1|23025905|23|2312908|5|1|2||||0|0|0|0|0|1|0|0
2014|2569797|3ª SERIE TURMA A|7|0|255|41|1|27||0|0|0|1|1|1|1|1|0|||||||0|0|0|0|0|0|0|0|0|0|0|1|1|1|1|0|1|1|1|0|0|0|0|1|1|1|1|0|0|1|0|0|0|0|0|0|1|23025905|23|2312908|5|1|2||||0|0|0|0|0|1|0|0
2014|2569799|3ª SERIE TURMA B|13|0|255|34|1|27||0|0|0|1|1|1|1|1|0|||||||0|0|0|0|0|0|0|0|0|0|0|1|1|1|1|0|1|1|1|0|0|0|0|1|1|1|1|0|0|1|0|0|0|0|0|0|1|23025905|23|2312908|5|1|2||||0|0|0|0|0|1|0|0
2014|2569800|3ª SERIE TURMA C|13|0|255|36|1|27||0|0|0|1|1|1|1|1|0|||||||0|0|0|0|0|0|0|0|0|0|0|1|1|1|1|0|1|1|1|0|0|0|0|1|1|1|1|0|0|1|0|0|0|0|0|0|1|23025905|23|2312908|5|1|2||||0|0|0|0|0|1|0|0
2014|372090|1º ANO A ENSINO MEDIO|7|30|330|33|1|25||0||0|1|1|1|1|1|0|||||||0|0|0|0|0|0|0|0|0|0|0|1|1|1|1|0|1|1|1|0|0|0|1|1|1|1|1|1|0|1|0|0|0|0|0|0|1|17046807|17|1721000|5|1|4|4|0||1|0|0|0|0|1|0|0
2014|2569798|3ª SERIE TURMA D|18|30|225|34|1|27||0|0|0|1|1|1|1|1|0|||||||0|0|0|0|0|0|0|0|0|0|0|1|1|1|1|0|1|1|1|0|0|0|0|1|1|1|1|0|0|1|0|0|0|0|0|0|1|23025905|23|2312908|5|1|2||||0|0|0|0|0|1|0|0
2014|2569802|ATENDIMENTO EDUCACIONAL ESPECIALIZADO TURMA A|7|0|255|3||||5||0|1|1|1|1|1|0|||||||0|1|1|0|1|1|1|1|1|1|1|0|0|0|0|0|0|0|0|0|0|0|0|0|0|0|0|0|0|0|0|0|0|0|0|0|0|23025905|23|2312908|5|1|2||||0|0|0|0|0|1|0|0
2014|372515|1º ANO B EDUCACAO INFANTIL|13|30|270|17|1|2||0||0|1|1|1|1|1|0|||||||0|0|0|0|0|0|0|0|0|0|0|0|0|0|0|0|0|0|0|0|0|0|0|0|0|0|0|0|0|0|0|0|0|0|0|0|0|17046807|17|1721000|5|1|4|4|0||1|0|0|0|0|1|0|0
2014|372510|1º ANO B ENSINO FUNDAMENTAL|13|30|270|28|1|14||0||0|1|1|1|1|1|0|||||||0|0|0|0|0|0|0|0|0|0|0|0|0|1|0|1|1|1|0|0|0|0|1|1|1|1|0|1|0|0|0|0|0|0|0|0|0|17046807|17|1721000|5|1|4|4|0||1|0|0|0|0|1|0|0
2014|372088|1º ANO B ENSINO MEDIO|7|30|330|34|1|25||0||0|1|1|1|1|1|0|||||||0|0|0|0|0|0|0|0|0|0|0|1|1|1|1|0|1|1|1|0|0|0|1|1|1|1|1|1|0|1|0|0|0|0|0|0|1|17046807|17|1721000|5|1|4|4|0||1|0|0|0|0|1|0|0
2014|2569801|PREPARACAO RUMO A UNIVERSIDADE TURMA A|18|30|195|18||||4|0|0|1|1|1|1|1|0|31002|31006|39999|31004|31001||0|0|0|0|0|0|0|0|0|0|0|0|0|0|0|0|0|0|0|0|0|0|0|0|0|0|0|0|0|0|0|0|0|0|0|0|0|23025905|23|2312908|5|1|2||||0|0|0|0|0|1|0|0
2014|373942|1º ANO C EDUCACAO INFANTIL|13|30|270|16|1|2||0||0|1|1|1|1|1|0|||||||0|0|0|0|0|0|0|0|0|0|0|0|0|0|0|0|0|0|0|0|0|0|0|0|0|0|0|0|0|0|0|0|0|0|0|0|0|17046807|17|1721000|5|1|4|4|0||1|0|0|0|0|1|0|0
2014|374273|1º ANO C ENSINO FUDNAMENTAL|13|30|270|25|1|14||0||0|1|1|1|1|1|0|||||||0|0|0|0|0|0|0|0|0|0|0|0|0|1|0|1|1|1|0|0|0|0|1|1|1|1|0|1|0|0|0|0|0|0|0|0|0|17046807|17|1721000|5|1|4|4|0||1|0|0|0|0|1|0|0
2014|372514|2º ANO A EDUCACAO INFANTIL|7|30|270|22|1|2||0||0|1|1|1|1|1|0|||||||0|0|0|0|0|0|0|0|0|0|0|0|0|0|0|0|0|0|0|0|0|0|0|0|0|0|0|0|0|0|0|0|0|0|0|0|0|17046807|17|1721000|5|1|4|4|0||1|0|0|0|0|1|0|0
2014|372509|2º ANO A ENSINO FUNDAMENTAL|7|30|270|31|1|15||0||0|1|1|1|1|1|0|||||||0|0|0|0|0|0|0|0|0|0|0|0|0|1|0|1|1|1|0|0|0|0|1|1|1|1|0|1|0|0|0|0|0|0|0|0|0|17046807|17|1721000|5|1|4|4|0||1|0|0|0|0|1|0|0
2014|372087|2º ANO A ENSINO MEDIO|7|30|330|29|1|26||0||0|1|1|1|1|1|0|||||||0|0|0|0|0|0|0|0|0|0|0|1|1|1|1|0|1|1|1|0|0|0|0|1|1|1|1|1|0|1|0|0|0|0|0|0|1|17046807|17|1721000|5|1|4|4|0||1|0|0|0|0|1|0|0
2014|372513|2º ANO B EDUCACAO INFANTIL|13|30|270|23|1|2||0||0|1|1|1|1|1|0|||||||0|0|0|0|0|0|0|0|0|0|0|0|0|0|0|0|0|0|0|0|0|0|0|0|0|0|0|0|0|0|0|0|0|0|0|0|0|17046807|17|1721000|5|1|4|4|0||1|0|0|0|0|1|0|0
2014|372508|2º ANO B ENSINO FUNDAMENTAL|13|0|300|29|1|15||0||0|1|1|1|1|1|0|||||||0|0|0|0|0|0|0|0|0|0|0|0|0|1|0|1|1|1|0|0|0|0|1|1|1|1|0|1|0|0|0|0|0|0|0|0|0|17046807|17|1721000|5|1|4|4|0||1|0|0|0|0|1|0|0
2014|669006|7204 VESPERTINO|13|0|255|30|1|20||0|0|0|1|1|1|1|1|0|||||||0|0|0|0|0|0|0|0|0|0|0|0|0|1|0|1|1|1|0|0|0|0|1|1|1|1|0|1|0|0|0|0|0|0|0|0|0|17033993|17|1707009|5|1|2||||0|0|0|0|0|1|0|0
2014|668754|7205 VESPERTINO|13|0|255|27|1|20||0|0|0|1|1|1|1|1|0|||||||0|0|0|0|0|0|0|0|0|0|0|0|0|1|0|1|1|1|0|0|0|0|1|1|1|1|0|1|0|0|0|0|0|0|0|0|0|17033993|17|1707009|5|1|2||||0|0|0|0|0|1|0|0
2014|668942|7206 VESPERTINO|13|0|255|30|1|20||0|0|0|1|1|1|1|1|0|||||||0|0|0|0|0|0|0|0|0|0|0|0|0|1|0|1|1|1|0|0|0|0|1|1|1|1|0|1|0|0|0|0|0|0|0|0|0|17033993|17|1707009|5|1|2||||0|0|0|0|0|1|0|0
2014|669304|8201 MATUTINO|7|15|260|29|1|21||0|0|0|1|1|1|1|1|0|||||||0|0|0|0|0|0|0|0|0|0|0|0|0|1|0|1|1|1|0|0|0|0|1|1|1|1|0|1|0|0|0|0|0|0|0|0|0|17033993|17|1707009|5|1|2||||0|0|0|0|0|1|0|0
2014|669409|8202 MATUTINO|7|15|260|27|1|21||0|0|0|1|1|1|1|1|0|||||||0|0|0|0|0|0|0|0|0|0|0|0|0|1|0|1|1|1|0|0|0|0|1|1|1|1|0|1|0|0|0|0|0|0|0|0|0|17033993|17|1707009|5|1|2||||0|0|0|0|0|1|0|0
2014|669267|8203 MATUTINO|7|15|260|28|1|21||0|0|0|1|1|1|1|1|0|||||||0|0|0|0|0|0|0|0|0|0|0|0|0|1|0|1|1|1|0|0|0|0|1|1|1|1|0|1|0|0|0|0|0|0|0|0|0|17033993|17|1707009|5|1|2||||0|0|0|0|0|1|0|0
2014|669294|8204 MATUTINO|7|15|260|26|1|21||0|0|0|1|1|1|1|1|0|||||||0|0|0|0|0|0|0|0|0|0|0|0|0|1|0|1|1|1|0|0|0|0|1|1|1|1|0|1|0|0|0|0|0|0|0|0|0|17033993|17|1707009|5|1|2||||0|0|0|0|0|1|0|0
2014|669612|8205 MATUTINO|7|15|260|30|1|21||0|0|0|1|1|1|1|1|0|||||||0|0|0|0|0|0|0|0|0|0|0|0|0|1|0|1|1|1|0|0|0|0|1|1|1|1|0|1|0|0|0|0|0|0|0|0|0|17033993|17|1707009|5|1|2||||0|0|0|0|0|1|0|0
2014|669396|9201 MATUTINO|7|15|260|33|1|41||0|0|0|1|1|1|1|1|0|||||||0|0|0|0|0|0|0|0|0|0|0|0|0|1|0|1|1|1|0|0|0|0|1|1|1|1|0|1|0|0|0|0|0|0|0|0|0|17033993|17|1707009|5|1|2||||0|0|0|0|0|1|0|0
2014|669648|9202 MATUTINO|7|15|260|33|1|41||0|0|0|1|1|1|1|1|0|||||||0|0|0|0|0|0|0|0|0|0|0|0|0|1|0|1|1|1|0|0|0|0|1|1|1|1|0|1|0|0|0|0|0|0|0|0|0|17033993|17|1707009|5|1|2||||0|0|0|0|0|1|0|0
2014|669993|9203 MATUTINO|7|15|260|32|1|41||0|0|0|1|1|1|1|1|0|||||||0|0|0|0|0|0|0|0|0|0|0|0|0|1|0|1|1|1|0|0|0|0|1|1|1|1|0|1|0|0|0|0|0|0|0|0|0|17033993|17|1707009|5|1|2||||0|0|0|0|0|1|0|0
2014|670026|9204 MATUTINO|7|15|260|30|1|41||0|0|0|1|1|1|1|1|0|||||||0|0|0|0|0|0|0|0|0|0|0|0|0|1|0|1|1|1|0|0|0|0|1|1|1|1|0|1|0|0|0|0|0|0|0|0|0|17033993|17|1707009|5|1|2||||0|0|0|0|0|1|0|0
2014|670234|9205 MATUTINO|7|15|260|30|1|41||0|0|0|1|1|1|1|1|0|||||||0|0|0|0|0|0|0|0|0|0|0|0|0|1|0|1|1|1|0|0|0|0|1|1|1|1|0|1|0|0|0|0|0|0|0|0|0|17033993|17|1707009|5|1|2||||0|0|0|0|0|1|0|0
2014|693313|M1201 PIONEIROS VESPERTINO|13|0|180|13||||4|0|0|1|1|1|1|1|0|31001|31007|31005|31002|31013||0|0|0|0|0|0|0|0|0|0|0|0|0|0|0|0|0|0|0|0|0|0|0|0|0|0|0|0|0|0|0|0|0|0|0|0|0|17033993|17|1707009|5|1|2||||0|0|0|0|0|1|0|0
2014|693524|M1202 PIONEIROS MATUTINO|7|0|180|14||||4|0|0|1|1|1|1|1|0|31013|31005|31007|31001|31002||0|0|0|0|0|0|0|0|0|0|0|0|0|0|0|0|0|0|0|0|0|0|0|0|0|0|0|0|0|0|0|0|0|0|0|0|0|17033993|17|1707009|5|1|2||||0|0|0|0|0|1|0|0
2014|709850|M2901 ESPESC|17|30|180|13||||4|1|0|1|0|0|0|0|0|22028||||||0|0|0|0|0|0|0|0|0|0|0|0|0|0|0|0|0|0|0|0|0|0|0|0|0|0|0|0|0|0|0|0|0|0|0|0|0|17033993|17|1707009|5|1|2||||0|0|0|0|0|1|0|0
2014|710024|M2902 ESPESC|17|30|180|11||||4|1|0|0|0|1|0|0|0|22028||||||0|0|0|0|0|0|0|0|0|0|0|0|0|0|0|0|0|0|0|0|0|0|0|0|0|0|0|0|0|0|0|0|0|0|0|0|0|17033993|17|1707009|5|1|2||||0|0|0|0|0|1|0|0
2014|710706|M2903 ESPESC|17|30|180|10||||4|1|0|0|1|0|0|0|0|22019||||||0|0|0|0|0|0|0|0|0|0|0|0|0|0|0|0|0|0|0|0|0|0|0|0|0|0|0|0|0|0|0|0|0|0|0|0|0|17033993|17|1707009|5|1|2||||0|0|0|0|0|1|0|0
2014|710730|M2904 ESPESC|17|30|180|14||||4|1|0|0|0|0|1|0|0|22019||||||0|0|0|0|0|0|0|0|0|0|0|0|0|0|0|0|0|0|0|0|0|0|0|0|0|0|0|0|0|0|0|0|0|0|0|0|0|17033993|17|1707009|5|1|2||||0|0|0|0|0|1|0|0
2014|694087|M2905 ESPESC|20|0|60|10||||4|1|0|0|1|0|1|0|0|22019||||||0|0|0|0|0|0|0|0|0|0|0|0|0|0|0|0|0|0|0|0|0|0|0|0|0|0|0|0|0|0|0|0|0|0|0|0|0|17033993|17|1707009|5|1|2||||0|0|0|0|0|1|0|0
2014|708449|M2906 ESPESC|20|0|60|9||||4|1|0|1|0|1|0|0|0|22018||||||0|0|0|0|0|0|0|0|0|0|0|0|0|0|0|0|0|0|0|0|0|0|0|0|0|0|0|0|0|0|0|0|0|0|0|0|0|17033993|17|1707009|5|1|2||||0|0|0|0|0|1|0|0
2014|113661|1|6|30|630|24|1|1||0||0|1|1|1|1|1|0|||||||0|0|0|0|0|0|0|0|0|0|0|0|0|0|0|0|0|0|0|0|0|0|0|0|0|0|0|0|0|0|0|0|0|0|0|0|0|17034000|17|1707009|5|1|4|4|1|3|0|0|0|0|1|1|0|0
2014|113576|2|6|30|630|25|1|1||0||0|1|1|1|1|1|0|||||||0|0|0|0|0|0|0|0|0|0|0|0|0|0|0|0|0|0|0|0|0|0|0|0|0|0|0|0|0|0|0|0|0|0|0|0|0|17034000|17|1707009|5|1|4|4|1|3|0|0|0|0|1|1|0|0
2014|113846|3|6|30|630|28|1|1||0||0|1|1|1|1|1|0|||||||0|0|0|0|0|0|0|0|0|0|0|0|0|0|0|0|0|0|0|0|0|0|0|0|0|0|0|0|0|0|0|0|0|0|0|0|0|17034000|17|1707009|5|1|4|4|1|3|0|0|0|0|1|1|0|0
2014|113662|4|6|30|630|26|1|1||0||0|1|1|1|1|1|0|||||||0|0|0|0|0|0|0|0|0|0|0|0|0|0|0|0|0|0|0|0|0|0|0|0|0|0|0|0|0|0|0|0|0|0|0|0|0|17034000|17|1707009|5|1|4|4|1|3|0|0|0|0|1|1|0|0
2014|260761|INFANTIL I - MATUTINO|7|0|240|16|1|1||0||0|1|1|1|1|1|0|||||||0|0|0|0|0|0|0|0|0|0|0|0|0|0|0|0|0|0|0|0|0|0|0|0|0|0|0|0|0|0|0|0|0|0|0|0|0|17029392|17|1710904|5|1|3||||0|0|0|0|0|2|0|0
2014|260912|INFANTIL I - VESPERTINO|13|0|240|16|1|1||0||0|1|1|1|1|1|0|||||||0|0|0|0|0|0|0|0|0|0|0|0|0|0|0|0|0|0|0|0|0|0|0|0|0|0|0|0|0|0|0|0|0|0|0|0|0|17029392|17|1710904|5|1|3||||0|0|0|0|0|2|0|0
2014|260851|INFANTIL II - MATUTINO|7|0|240|23|1|2||0||0|1|1|1|1|1|0|||||||0|0|0|0|0|0|0|0|0|0|0|0|0|0|0|0|0|0|0|0|0|0|0|0|0|0|0|0|0|0|0|0|0|0|0|0|0|17029392|17|1710904|5|1|3||||0|0|0|0|0|2|0|0
2014|260995|INFANTIL II - VESPERTINO|13|0|240|19|1|2||0||0|1|1|1|1|1|0|||||||0|0|0|0|0|0|0|0|0|0|0|0|0|0|0|0|0|0|0|0|0|0|0|0|0|0|0|0|0|0|0|0|0|0|0|0|0|17029392|17|1710904|5|1|3||||0|0|0|0|0|2|0|0
2014|261118|INFANTIL III - MATUTINO|7|0|240|23|1|2||0||0|1|1|1|1|1|0|||||||0|0|0|0|0|0|0|0|0|0|0|0|0|0|0|0|0|0|0|0|0|0|0|0|0|0|0|0|0|0|0|0|0|0|0|0|0|17029392|17|1710904|5|1|3||||0|0|0|0|0|2|0|0
2014|260959|INFANTIL III - VESPERTINO|13|0|240|20|1|2||0||0|1|1|1|1|1|0|||||||0|0|0|0|0|0|0|0|0|0|0|0|0|0|0|0|0|0|0|0|0|0|0|0|0|0|0|0|0|0|0|0|0|0|0|0|0|17029392|17|1710904|5|1|3||||0|0|0|0|0|2|0|0
2014|278907|MATERNAL|7|0|600|25|1|1||0||0|1|1|1|1|1|0|||||||0|0|0|0|0|0|0|0|0|0|0|0|0|0|0|0|0|0|0|0|0|0|0|0|0|0|0|0|0|0|0|0|0|0|0|0|0|17029392|17|1710904|5|1|3||||0|0|0|0|0|2|0|0
2014|190030|1 2 E 3 ANO - MULTI|13|0|255|17|1|22||0|0|0|1|1|1|1|1|0|||||||0|0|0|0|0|0|0|0|0|0|0|0|0|1|0|1|1|0|0|0|0|0|1|1|1|1|0|1|0|0|0|0|0|0|0|0|0|17029406|17|1710904|5|2|3||||0|0|0|0|0|1|0|0
2014|190126|4 E 5 ANO - MULTI|13|0|255|12|1|22||0|0|0|1|1|1|1|1|0|||||||0|0|0|0|0|0|0|0|0|0|0|0|0|1|0|1|1|0|0|0|0|0|1|1|1|1|0|1|0|0|0|0|0|0|0|0|0|17029406|17|1710904|5|2|3||||0|0|0|0|0|1|0|0
2014|254981|MULTISSERIADA I|7|0|255|7|1|56||0|0|0|1|1|1|1|1|0|||||||0|0|0|0|0|0|0|0|0|0|0|0|0|1|0|1|1|0|0|0|0|0|1|1|1|1|0|1|0|0|0|0|0|0|0|0|0|17017017|17|1718709|5|2|3||||0|0|0|0|0|0|0|0
2014|426758|2ª SERIE A|7|0|290|16|1|26||0||0|1|1|1|1|1|0|||||||0|0|0|0|0|0|0|0|0|0|0|1|1|1|1|0|1|1|1|0|0|0|0|1|1|1|1|0|0|1|0|0|0|0|0|0|0|23072288|23|2304400|5|1|4|1|0||1|0|0|0|0|1|0|0
2014|426369|2º ANO A|7|0|240|24|1|15||0||0|1|1|1|1|1|0|||||||0|0|0|0|0|0|0|0|0|0|0|0|0|1|0|1|1|0|0|0|0|0|0|0|1|1|0|0|0|0|0|0|0|0|0|0|0|23072288|23|2304400|5|1|4|1|0||1|0|0|0|0|1|0|0
2014|426592|3ª SERIE A|7|0|290|13|1|27||0||0|1|1|1|1|1|0|||||||0|0|0|0|0|0|0|0|0|0|0|1|1|1|1|0|1|1|1|0|0|0|0|1|1|1|1|0|0|1|0|0|0|0|0|0|0|23072288|23|2304400|5|1|4|1|0||1|0|0|0|0|1|0|0
2014|426077|3º ANO A|7|0|240|26|1|16||0||0|1|1|1|1|1|0|||||||0|0|0|0|0|0|0|0|0|0|0|0|0|1|0|1|1|0|0|0|0|0|0|0|1|1|0|0|0|0|0|0|0|0|0|0|0|23072288|23|2304400|5|1|4|1|0||1|0|0|0|0|1|0|0
2014|426079|4º ANO A|13|0|240|26|1|17||0||0|1|1|1|1|1|0|||||||0|0|0|0|0|0|0|0|0|0|0|0|0|1|0|1|1|0|0|0|0|0|0|0|1|1|0|0|0|0|0|0|0|0|0|0|0|23072288|23|2304400|5|1|4|1|0||1|0|0|0|0|1|0|0
2014|426289|5º ANO A|13|0|240|28|1|18||0||0|1|1|1|1|1|0|||||||0|0|0|0|0|0|0|0|0|0|0|0|0|1|0|1|1|0|0|0|0|0|0|0|1|1|0|0|0|0|0|0|0|0|0|0|0|23072288|23|2304400|5|1|4|1|0||1|0|0|0|0|1|0|0
2014|426292|6º ANO A|7|0|240|34|1|19||0||0|1|1|1|1|1|0|||||||0|0|0|0|0|0|0|0|0|0|0|0|0|1|0|1|1|1|0|0|0|0|1|1|1|1|0|0|0|0|0|0|0|0|0|0|0|23072288|23|2304400|5|1|4|1|0||1|0|0|0|0|1|0|0
2014|426709|6º ANO B|13|0|240|23|1|19||0||0|1|1|1|1|1|0|||||||0|0|0|0|0|0|0|0|0|0|0|0|0|1|0|1|1|1|0|0|0|0|1|1|1|1|0|0|0|0|0|0|0|0|0|0|0|23072288|23|2304400|5|1|4|1|0||1|0|0|0|0|1|0|0
2014|426462|7º ANO A|7|0|240|34|1|20||0||0|1|1|1|1|1|0|||||||0|0|0|0|0|0|0|0|0|0|0|0|0|1|0|1|1|1|0|0|0|0|1|1|1|1|0|0|0|0|0|0|0|0|0|0|0|23072288|23|2304400|5|1|4|1|0||1|0|0|0|0|1|0|0
2014|426546|7º ANO B|13|0|240|31|1|20||0||0|1|1|1|1|1|0|||||||0|0|0|0|0|0|0|0|0|0|0|0|0|1|0|1|1|1|0|0|0|0|1|1|1|1|0|0|0|0|0|0|0|0|0|0|0|23072288|23|2304400|5|1|4|1|0||1|0|0|0|0|1|0|0
2014|426804|8º ANO A|7|0|240|36|1|21||0||0|1|1|1|1|1|0|||||||0|0|0|0|0|0|0|0|0|0|0|0|0|1|0|1|1|1|0|0|0|0|1|1|1|1|0|0|0|0|0|0|0|0|0|0|0|23072288|23|2304400|5|1|4|1|0||1|0|0|0|0|1|0|0
2014|426608|8º ANO B|7|0|240|26|1|21||0||0|1|1|1|1|1|0|||||||0|0|0|0|0|0|0|0|0|0|0|0|0|1|0|1|1|1|0|0|0|0|1|1|1|1|0|0|0|0|0|0|0|0|0|0|0|23072288|23|2304400|5|1|4|1|0||1|0|0|0|0|1|0|0
2014|426722|9º ANO A|7|0|240|30|1|41||0||0|1|1|1|1|1|0|||||||0|0|0|0|0|0|0|0|0|0|0|0|0|1|0|1|1|1|0|0|0|0|1|1|1|1|0|0|0|0|0|0|0|0|0|0|0|23072288|23|2304400|5|1|4|1|0||1|0|0|0|0|1|0|0
2014|426493|9º ANO B|13|0|240|25|1|41||0||0|1|1|1|1|1|0|||||||0|0|0|0|0|0|0|0|0|0|0|0|0|1|0|1|1|1|0|0|0|0|1|1|1|1|0|0|0|0|0|0|0|0|0|0|0|23072288|23|2304400|5|1|4|1|0||1|0|0|0|0|1|0|0
2014|426122|INFANTIL III|7|0|240|22|1|1||0||0|1|1|1|1|1|0|||||||0|0|0|0|0|0|0|0|0|0|0|0|0|0|0|0|0|0|0|0|0|0|0|0|0|0|0|0|0|0|0|0|0|0|0|0|0|23072288|23|2304400|5|1|4|1|0||1|0|0|0|0|1|0|0
2014|426226|INFANTIL IV|7|0|240|18|1|2||0||0|1|1|1|1|1|0|||||||0|0|0|0|0|0|0|0|0|0|0|0|0|0|0|0|0|0|0|0|0|0|0|0|0|0|0|0|0|0|0|0|0|0|0|0|0|23072288|23|2304400|5|1|4|1|0||1|0|0|0|0|1|0|0
2014|426432|INFANTIL V|7|0|240|24|1|2||0||0|1|1|1|1|1|0|||||||0|0|0|0|0|0|0|0|0|0|0|0|0|0|0|0|0|0|0|0|0|0|0|0|0|0|0|0|0|0|0|0|0|0|0|0|0|23072288|23|2304400|5|1|4|1|0||1|0|0|0|0|1|0|0
2014|2552638|6º 1 M|7|10|240|31|1|19||0||0|1|1|1|1|1|0|||||||0|0|0|0|0|0|0|0|0|0|0|0|0|1|0|1|1|1|0|0|0|0|1|0|1|1|0|0|0|0|1|0|0|0|0|0|0|23072300|23|2304400|5|1|4|1|0||1|0|0|0|0|1|0|0
2014|2552642|6º 1 T|13|10|240|32|1|19||0||0|1|1|1|1|1|0|||||||0|0|0|0|0|0|0|0|0|0|0|0|0|1|0|1|1|1|0|0|0|0|1|1|1|1|0|0|0|0|1|0|0|0|0|0|0|23072300|23|2304400|5|1|4|1|0||1|0|0|0|0|1|0|0
2014|2552641|6º 2 M|7|10|240|32|1|19||0||0|1|1|1|1|1|0|||||||0|0|0|0|0|0|0|0|0|0|0|0|0|1|0|1|1|1|0|0|0|0|1|1|1|1|0|0|0|0|1|0|0|0|0|0|0|23072300|23|2304400|5|1|4|1|0||1|0|0|0|0|1|0|0
2014|2552643|7º 1 M|7|10|240|27|1|20||0||0|1|1|1|1|1|0|||||||0|0|0|0|0|0|0|0|0|0|0|0|0|1|0|1|1|1|0|0|0|0|1|1|0|1|0|0|0|0|1|0|0|0|0|0|0|23072300|23|2304400|5|1|4|1|0||1|0|0|0|0|1|0|0
2014|2552644|7º 1 T|13|10|240|28|1|20||0||0|1|1|1|1|1|0|||||||0|0|0|0|0|0|0|0|0|0|0|0|0|1|0|1|1|1|0|0|0|0|1|1|1|1|0|0|0|0|1|0|0|0|0|0|0|23072300|23|2304400|5|1|4|1|0||1|0|0|0|0|1|0|0
2014|2559129|7º 3 M|7|0|240|29|1|20||0||0|1|1|1|1|1|0|||||||0|0|0|0|0|0|0|0|0|0|0|0|0|1|0|1|1|1|0|0|0|0|0|1|1|1|0|0|0|0|1|0|0|0|0|0|0|23072300|23|2304400|5|1|4|1|0||1|0|0|0|0|1|0|0
2014|2552645|7º ANO 2 M|7|10|240|26|1|20||0||0|1|1|1|1|1|0|||||||0|0|0|0|0|0|0|0|0|0|0|0|0|1|0|1|1|1|0|0|0|0|1|1|1|1|0|0|0|0|1|0|0|0|0|0|0|23072300|23|2304400|5|1|4|1|0||1|0|0|0|0|1|0|0
2014|2552646|8º 1 M|7|10|290|31|1|21||0||0|1|1|1|1|1|0|||||||0|0|0|0|0|0|0|0|0|0|0|1|1|1|1|0|1|1|0|0|0|0|0|1|1|1|0|0|0|0|1|0|0|0|0|0|0|23072300|23|2304400|5|1|4|1|0||1|0|0|0|0|1|0|0
2014|2552648|8º 1 T|13|10|290|28|1|21||0||0|1|1|1|1|1|0|||||||0|0|0|0|0|0|0|0|0|0|0|1|1|1|1|0|1|1|0|0|0|0|0|1|1|1|0|0|0|0|1|0|0|0|0|0|0|23072300|23|2304400|5|1|4|1|0||1|0|0|0|0|1|0|0
2014|2552647|8º 2 M|7|10|290|32|1|21||0||0|1|1|1|1|1|0|||||||0|0|0|0|0|0|0|0|0|0|0|1|1|1|1|0|1|1|0|0|0|0|0|1|1|1|0|0|0|0|1|0|0|0|0|0|0|23072300|23|2304400|5|1|4|1|0||1|0|0|0|0|1|0|0
2014|2559033|8º 3 M|7|0|300|24|1|21||0||0|1|1|1|1|1|0|||||||0|0|0|0|0|0|0|0|0|0|0|1|1|1|1|0|1|1|0|0|0|0|0|1|1|1|0|0|0|0|1|0|0|0|0|0|0|23072300|23|2304400|5|1|4|1|0||1|0|0|0|0|1|0|0
2014|2552690|9º 1 M|7|10|290|40|1|41||0||0|1|1|1|1|1|0|||||||0|0|0|0|0|0|0|0|0|0|0|1|1|1|1|0|1|0|0|0|0|0|0|1|1|1|0|0|0|0|1|0|0|0|0|0|0|23072300|23|2304400|5|1|4|1|0||1|0|0|0|0|1|0|0
2014|2552692|9º 1 T|13|10|290|20|1|41||0||0|1|1|1|1|1|0|||||||0|0|0|0|0|0|0|0|0|0|0|1|1|1|1|0|0|1|0|0|0|0|0|1|1|1|0|0|0|0|1|0|0|0|0|0|0|23072300|23|2304400|5|1|4|1|0||1|0|0|0|0|1|0|0
2014|2552691|9º 2 M|7|10|290|31|1|41||0||0|1|1|1|1|1|0|||||||0|0|0|0|0|0|0|0|0|0|0|1|1|1|1|0|1|1|0|0|0|0|0|1|1|1|0|0|0|0|1|0|0|0|0|0|0|23072300|23|2304400|5|1|4|1|0||1|0|0|0|0|1|0|0
2014|2552689|9º 3 M|7|10|290|31|1|41||0||0|1|1|1|1|1|0|||||||0|0|0|0|0|0|0|0|0|0|0|1|1|1|1|0|1|1|0|0|0|0|0|1|1|1|0|0|0|0|1|0|0|0|0|0|0|23072300|23|2304400|5|1|4|1|0||1|0|0|0|0|1|0|0
2014|1002701|1º ANO AM|7|0|240|18|1|14||0|1|0|1|1|1|1|1|0|||||||0|0|0|0|0|0|0|0|0|0|0|0|0|1|0|1|1|0|0|0|0|0|1|0|1|1|0|1|0|0|0|0|0|0|0|0|0|23215810|23|2304285|5|1|3||||0|0|0|0|0|2|0|0
2014|1002767|1º ANO BT|13|0|240|16|1|14||0|1|0|1|1|1|1|1|0|||||||0|0|0|0|0|0|0|0|0|0|0|0|0|1|0|1|1|0|0|0|0|0|1|0|1|1|0|1|0|0|0|0|0|0|0|0|0|23215810|23|2304285|5|1|3||||0|0|0|0|0|2|0|0
2014|1890844|2 TEMPOS AN|18|0|180|32||||4|0|0|1|1|1|1|1|0|17002|22017|31014|11006|13001||0|0|0|0|0|0|0|0|0|0|0|0|0|0|0|0|0|0|0|0|0|0|0|0|0|0|0|0|0|0|0|0|0|0|0|0|0|23215810|23|2304285|5|1|3||||0|0|0|0|0|2|0|0
2014|1052604|2º ANO AM|7|0|240|15|1|15||0|1|0|1|1|1|1|1|0|||||||0|0|0|0|0|0|0|0|0|0|0|0|0|1|0|1|1|0|0|0|0|0|1|0|1|1|0|1|0|0|0|0|0|0|0|0|0|23215810|23|2304285|5|1|3||||0|0|0|0|0|2|0|0
2014|83959|7º ANO|7|0|255|6|1|20||0||0|1|1|1|1|1|0|||||||0|0|0|0|0|0|0|0|0|0|0|0|0|1|0|1|1|1|1|0|0|0|1|1|1|1|1|0|0|0|0|0|0|0|0|0|0|25302922|25|2503704|5|1|4|1|1|1|1|0|0|0|0|1|0|0
2014|83900|8º ANO|7|0|255|12|1|21||0||0|1|1|1|1|1|0|||||||0|0|0|0|0|0|0|0|0|0|0|0|0|1|0|1|1|1|1|0|0|0|1|1|1|1|1|0|0|0|0|0|0|0|0|0|0|25302922|25|2503704|5|1|4|1|1|1|1|0|0|0|0|1|0|0
2014|84245|9º ANO|7|0|290|16|1|41||0||0|1|1|1|1|1|0|||||||0|0|0|0|0|0|0|0|0|0|0|1|1|1|0|0|1|1|1|0|0|0|1|1|1|1|1|0|0|0|0|0|0|0|0|0|0|25302922|25|2503704|5|1|4|1|1|1|1|0|0|0|0|1|0|0
2014|465097|1 ANO|13|0|240|17|1|14||0||0|1|1|1|1|1|0|||||||0|0|0|0|0|0|0|0|0|0|0|0|0|1|0|1|1|1|0|0|0|0|1|1|1|1|0|1|0|0|0|0|0|0|0|0|0|25102923|25|2513703|5|1|4|1|0||1|0|0|0|0|1|0|0
2014|465046|2 ANO|7|0|240|17|1|15||0||0|1|1|1|1|1|0|||||||0|0|0|0|0|0|0|0|0|0|0|0|0|1|0|1|1|1|0|0|0|0|1|1|1|1|0|1|0|0|0|0|0|0|0|0|0|25102923|25|2513703|5|1|4|1|0||1|0|0|0|0|1|0|0
2014|465045|3 ANO|7|0|240|14|1|16||0||0|1|1|1|1|1|0|||||||0|0|0|0|0|0|0|0|0|0|0|0|0|1|0|1|1|1|0|0|0|0|1|1|1|1|0|1|0|0|0|0|0|0|0|0|0|25102923|25|2513703|5|1|4|1|0||1|0|0|0|0|1|0|0
2014|465051|MATERNAL|13|0|240|36|1|1||0||0|1|1|1|1|1|0|||||||0|0|0|0|0|0|0|0|0|0|0|0|0|0|0|0|0|0|0|0|0|0|0|0|0|0|0|0|0|0|0|0|0|0|0|0|0|25102923|25|2513703|5|1|4|1|0||1|0|0|0|0|1|0|0
2014|465044|MULTISSERIADA - 4 E 5 ANO|7|0|240|29|1|22||0||0|1|1|1|1|1|0|||||||0|0|0|0|0|0|0|0|0|0|0|0|0|1|0|1|1|1|0|0|0|0|1|1|1|1|0|1|0|0|0|0|0|0|0|0|0|25102923|25|2513703|5|1|4|1|0||1|0|0|0|0|1|0|0
2014|465050|PRE 1|13|0|240|25|1|2||0||0|1|1|1|1|1|0|||||||0|0|0|0|0|0|0|0|0|0|0|0|0|0|0|0|0|0|0|0|0|0|0|0|0|0|0|0|0|0|0|0|0|0|0|0|0|25102923|25|2513703|5|1|4|1|0||1|0|0|0|0|1|0|0
2014|465049|PRE 2|13|0|240|32|1|2||0||0|1|1|1|1|1|0|||||||0|0|0|0|0|0|0|0|0|0|0|0|0|0|0|0|0|0|0|0|0|0|0|0|0|0|0|0|0|0|0|0|0|0|0|0|0|25102923|25|2513703|5|1|4|1|0||1|0|0|0|0|1|0|0
2014|233943|1º ANO MANHA|7|0|255|25|1|14||0|0|0|1|1|1|1|1|0|||||||0|0|0|0|0|0|0|0|0|0|0|0|0|1|0|1|1|0|0|0|0|0|1|1|1|1|0|1|0|0|0|0|0|0|0|0|0|25006908|25|2502409|5|1|3||||0|0|0|0|0|1|0|0
2014|233944|2º ANO MANHA A|7|0|255|28|1|15||0|0|0|1|1|1|1|1|0|||||||0|0|0|0|0|0|0|0|0|0|0|0|0|1|0|1|1|0|0|0|0|0|1|1|1|1|0|1|0|0|0|0|0|0|0|0|0|25006908|25|2502409|5|1|3||||0|0|0|0|0|1|0|0
2014|233945|2º ANO TARDE B|13|0|255|21|1|15||0|0|0|1|1|1|1|1|0|||||||0|0|0|0|0|0|0|0|0|0|0|0|0|1|0|1|1|0|0|0|0|0|1|1|1|1|0|1|0|0|0|0|0|0|0|0|0|25006908|25|2502409|5|1|3||||0|0|0|0|0|1|0|0
2014|233946|3º ANO MANHA|7|0|255|36|1|16||0|0|0|1|1|1|1|1|0|||||||0|0|0|0|0|0|0|0|0|0|0|0|0|1|0|1|0|0|0|0|0|0|1|1|1|1|0|1|0|0|0|0|0|0|0|0|0|25006908|25|2502409|5|1|3||||0|0|0|0|0|1|0|0
2014|233947|3º ANO TARDE|13|0|255|28|1|16||0|0|0|1|1|1|1|1|0|||||||0|0|0|0|0|0|0|0|0|0|0|0|0|1|0|1|1|0|0|0|0|0|1|1|1|1|0|1|0|0|0|0|0|0|0|0|0|25006908|25|2502409|5|1|3||||0|0|0|0|0|1|0|0
2014|233948|4º ANO MANHA|7|0|255|31|1|17||0|0|0|1|1|1|1|1|0|||||||0|0|0|0|0|0|0|0|0|0|0|0|0|1|0|1|1|0|0|0|0|0|1|1|1|1|0|1|0|0|0|0|0|0|0|0|0|25006908|25|2502409|5|1|3||||0|0|0|0|0|1|0|0
2014|233854|4º ANO MANHA B|7|0|255|30|1|17||0|0|0|1|1|1|1|1|0|||||||0|0|0|0|0|0|0|0|0|0|0|0|0|1|0|1|0|1|0|0|0|0|1|1|1|1|0|1|0|0|0|0|0|0|0|0|0|25006908|25|2502409|5|1|3||||0|0|0|0|0|1|0|0
2014|233949|4º ANO TARDE|13|0|255|31|1|17||0|0|0|1|1|1|1|1|0|||||||0|0|0|0|0|0|0|0|0|0|0|0|0|1|0|1|1|0|0|0|0|0|1|1|1|1|0|1|0|0|0|0|0|0|0|0|0|25006908|25|2502409|5|1|3||||0|0|0|0|0|1|0|0
2014|233950|5º ANO MANHA|7|0|255|29|1|18||0|0|0|1|1|1|1|1|0|||||||0|0|0|0|0|0|0|0|0|0|0|0|0|1|0|1|1|0|0|0|0|0|1|1|1|1|0|1|0|0|0|0|0|0|0|0|0|25006908|25|2502409|5|1|3||||0|0|0|0|0|1|0|0
2014|233951|5º ANO TARDE|13|0|255|23|1|18||0|0|0|1|1|1|1|1|0|||||||0|0|0|0|0|0|0|0|0|0|0|0|0|1|0|1|1|0|0|0|0|0|1|1|1|1|0|0|0|0|0|0|0|0|0|0|0|25006908|25|2502409|5|1|3||||0|0|0|0|0|1|0|0
2014|233952|6º ANO NOITE B NOITE|18|30|240|18|1|19||0|0|0|1|1|1|1|1|0|||||||0|0|0|0|0|0|0|0|0|0|0|0|0|1|0|1|1|1|0|0|0|0|1|0|1|1|0|0|0|0|0|0|0|0|0|0|0|25006908|25|2502409|5|1|3||||0|0|0|0|0|1|0|0
2014|233953|6º ANO TARDE|13|0|285|39|1|19||0|0|0|1|1|1|1|1|0|||||||0|0|0|0|0|0|0|0|0|0|0|0|0|1|0|1|1|1|0|0|0|0|1|1|1|1|0|1|0|0|0|0|0|0|0|0|0|25006908|25|2502409|5|1|3||||0|0|0|0|0|1|0|0
2014|233955|7º ANO NOITE|18|30|240|16|1|20||0|0|0|1|1|1|1|1|0|||||||0|0|0|0|0|0|0|0|0|0|0|0|0|1|0|1|1|1|0|0|0|0|1|0|1|1|0|0|0|0|0|0|0|0|0|0|0|25006908|25|2502409|5|1|3||||0|0|0|0|0|1|0|0
2014|233954|7º ANO TARDE|13|0|285|30|1|20||0|0|0|1|1|1|1|1|0|||||||0|0|0|0|0|0|0|0|0|0|0|0|0|1|0|1|1|1|0|0|0|0|1|1|1|1|0|1|0|0|0|0|0|0|0|0|0|25006908|25|2502409|5|1|3||||0|0|0|0|0|1|0|0
2014|233956|8º ANO NOITE|18|30|240|16|1|21||0|0|0|1|1|1|1|1|0|||||||0|0|0|0|0|0|0|0|0|0|0|0|0|1|0|1|1|1|0|0|0|0|1|0|1|1|0|0|0|0|0|0|0|0|0|0|0|25006908|25|2502409|5|1|3||||0|0|0|0|0|1|0|0
2014|233957|9º ANO NOITE|18|30|240|11|1|41||0|0|0|1|1|1|1|1|0|||||||0|0|0|0|0|0|0|0|0|0|0|0|0|1|0|1|1|1|0|0|0|0|1|0|1|1|0|0|0|0|0|0|0|0|0|0|0|25006908|25|2502409|5|1|3||||0|0|0|0|0|1|0|0
2014|233958|EJA NOITE|18|30|180|19|3|43||0||0|1|1|1|1|1|0|||||||0|0|0|0|0|0|0|0|0|0|0|0|0|1|0|1|1|0|0|0|0|0|1|0|1|1|0|1|0|0|0|0|0|0|0|0|0|25006908|25|2502409|5|1|3||||0|0|0|0|0|1|0|0
2014|2744119|TA - PETI - ATIV COMPLEMENTAR - MANHA|7|0|240|46||||4|0|0|1|1|1|1|1|0|11002|15001|39999|91001|||0|0|0|0|0|0|0|0|0|0|0|0|0|0|0|0|0|0|0|0|0|0|0|0|0|0|0|0|0|0|0|0|0|0|0|0|0|25006908|25|2502409|5|1|3||||0|0|0|0|0|1|0|0
2014|2744123|TA - PETI - ATIV COMPLEMENTAR - TARDE|13|0|240|24||||4|0|0|1|1|1|1|1|0|11002|15001|39999|91001|||0|0|0|0|0|0|0|0|0|0|0|0|0|0|0|0|0|0|0|0|0|0|0|0|0|0|0|0|0|0|0|0|0|0|0|0|0|25006908|25|2502409|5|1|3||||0|0|0|0|0|1|0|0
2014|357845|1 ANO|7|0|255|11|1|14||0|0|0|1|1|1|1|1|0|||||||0|0|0|0|0|0|0|0|0|0|0|0|0|1|0|1|1|0|0|0|0|0|1|1|1|1|0|1|0|0|0|0|0|0|0|0|0|25034090|25|2505402|5|2|3||||0|0|0|0|0|1|0|0
2014|357955|2 ANO|7|0|255|9|1|15||0|1|0|1|1|1|1|1|0|||||||0|0|0|0|0|0|0|0|0|0|0|0|0|1|0|1|1|0|0|0|0|0|1|1|1|1|0|1|0|0|0|0|0|0|0|0|0|25034090|25|2505402|5|2|3||||0|0|0|0|0|1|0|0
2014|357697|3 ANO|7|0|255|18|1|16||0|0|0|1|1|1|1|1|0|||||||0|0|0|0|0|0|0|0|0|0|0|0|0|1|0|1|1|0|0|0|0|0|1|1|1|1|0|1|0|0|0|0|0|0|0|0|0|25034090|25|2505402|5|2|3||||0|0|0|0|0|1|0|0
2014|357499|4 ANO|7|0|255|22|1|17||0|0|0|1|1|1|1|1|0|||||||0|0|0|0|0|0|0|0|0|0|0|0|0|1|0|1|1|0|0|0|0|0|1|1|1|1|0|1|0|0|0|0|0|0|0|0|0|25034090|25|2505402|5|2|3||||0|0|0|0|0|1|0|0
2014|357581|5 ANO|7|0|255|17|1|18||0|0|0|1|1|1|1|1|0|||||||0|0|0|0|0|0|0|0|0|0|0|0|0|1|0|1|1|0|0|0|0|0|1|1|1|1|0|1|0|0|0|0|0|0|0|0|0|25034090|25|2505402|5|2|3||||0|0|0|0|0|1|0|0
2014|357584|6 ANO|13|0|285|14|1|19||0|0|0|1|1|1|1|1|0|||||||0|0|0|0|0|0|0|0|0|0|0|0|0|1|0|1|1|1|0|0|0|0|1|1|1|1|0|1|0|0|0|0|0|0|0|0|1|25034090|25|2505402|5|2|3||||0|0|0|0|0|1|0|0
2014|2776662|MAIS EDU TURMA 10|7|30|210|26||||4|1|0|1|1|1|1|1|0|11008|22022|22021|31003|31001|14104|0|0|0|0|0|0|0|0|0|0|0|0|0|0|0|0|0|0|0|0|0|0|0|0|0|0|0|0|0|0|0|0|0|0|0|0|0|25040391|25|2514909|5|1|3||||0|0|0|0|0|1|0|0
2014|2777813|MAIS EDU TURMA 11|7|30|210|25||||4|1|0|1|1|1|1|1|0|11008|22021|22022|31003|31001|14104|0|0|0|0|0|0|0|0|0|0|0|0|0|0|0|0|0|0|0|0|0|0|0|0|0|0|0|0|0|0|0|0|0|0|0|0|0|25040391|25|2514909|5|1|3||||0|0|0|0|0|1|0|0
2014|2741225|MAIS EDU TURMA 2|13|0|210|30||||4|1|0|1|1|1|1|1|0|22022|22021|31003|31001|14104|11008|0|0|0|0|0|0|0|0|0|0|0|0|0|0|0|0|0|0|0|0|0|0|0|0|0|0|0|0|0|0|0|0|0|0|0|0|0|25040391|25|2514909|5|1|3||||0|0|0|0|0|1|0|0
2014|2741066|MAIS EDU TURMA 3|13|0|210|29||||4|1|0|1|1|1|1|1|0|22021|22022|11008|31003|31001|14104|0|0|0|0|0|0|0|0|0|0|0|0|0|0|0|0|0|0|0|0|0|0|0|0|0|0|0|0|0|0|0|0|0|0|0|0|0|25040391|25|2514909|5|1|3||||0|0|0|0|0|1|0|0
2014|2741338|MAIS EDU TURMA 4|13|0|210|30||||4|1|0|1|1|1|1|1|0|11008|22022|22021|31003|31001|14104|0|0|0|0|0|0|0|0|0|0|0|0|0|0|0|0|0|0|0|0|0|0|0|0|0|0|0|0|0|0|0|0|0|0|0|0|0|25040391|25|2514909|5|1|3||||0|0|0|0|0|1|0|0
2014|2741423|MAIS EDU TURMA 5|13|0|210|30||||4|1|0|1|1|1|1|1|0|14104|11008|22022|22021|31003|31001|0|0|0|0|0|0|0|0|0|0|0|0|0|0|0|0|0|0|0|0|0|0|0|0|0|0|0|0|0|0|0|0|0|0|0|0|0|25040391|25|2514909|5|1|3||||0|0|0|0|0|1|0|0
2014|2741250|MAIS EDU TURMA 6|13|0|210|25||||4|1|0|1|1|1|1|1|0|11008|22022|22021|31003|31001|14104|0|0|0|0|0|0|0|0|0|0|0|0|0|0|0|0|0|0|0|0|0|0|0|0|0|0|0|0|0|0|0|0|0|0|0|0|0|25040391|25|2514909|5|1|3||||0|0|0|0|0|1|0|0
2014|2741183|MAIS EDU TURMA 7|13|0|210|29||||4|1|0|1|1|1|1|1|0|11008|22021|22022|31003|31001|14104|0|0|0|0|0|0|0|0|0|0|0|0|0|0|0|0|0|0|0|0|0|0|0|0|0|0|0|0|0|0|0|0|0|0|0|0|0|25040391|25|2514909|5|1|3||||0|0|0|0|0|1|0|0
2014|2776578|MAIS EDU TURMA 8|7|30|210|27||||4|1|0|1|1|1|1|1|0|11008|22022|22021|31003|31001|14104|0|0|0|0|0|0|0|0|0|0|0|0|0|0|0|0|0|0|0|0|0|0|0|0|0|0|0|0|0|0|0|0|0|0|0|0|0|25040391|25|2514909|5|1|3||||0|0|0|0|0|1|0|0
2014|2776754|MAIS EDU TURMA 9|7|30|210|27||||4|1|0|1|1|1|1|1|0|11008|22022|22021|31003|31001|14104|0|0|0|0|0|0|0|0|0|0|0|0|0|0|0|0|0|0|0|0|0|0|0|0|0|0|0|0|0|0|0|0|0|0|0|0|0|25040391|25|2514909|5|1|3||||0|0|0|0|0|1|0|0
2014|1279123|PRE I A|7|0|240|19|1|2||0||0|1|1|1|1|1|0|||||||0|0|0|0|0|0|0|0|0|0|0|0|0|0|0|0|0|0|0|0|0|0|0|0|0|0|0|0|0|0|0|0|0|0|0|0|0|25040391|25|2514909|5|1|3||||0|0|0|0|0|1|0|0
2014|1279132|PRE I B|7|0|240|17|1|2||0||0|1|1|1|1|1|0|||||||0|0|0|0|0|0|0|0|0|0|0|0|0|0|0|0|0|0|0|0|0|0|0|0|0|0|0|0|0|0|0|0|0|0|0|0|0|25040391|25|2514909|5|1|3||||0|0|0|0|0|1|0|0
2014|1279137|PRE I C|13|0|240|21|1|2||0||0|1|1|1|1|1|0|||||||0|0|0|0|0|0|0|0|0|0|0|0|0|0|0|0|0|0|0|0|0|0|0|0|0|0|0|0|0|0|0|0|0|0|0|0|0|25040391|25|2514909|5|1|3||||0|0|0|0|0|1|0|0
2014|1279211|PRE II A|7|0|240|30|1|2||0||0|1|1|1|1|1|0|||||||0|0|0|0|0|0|0|0|0|0|0|0|0|0|0|0|0|0|0|0|0|0|0|0|0|0|0|0|0|0|0|0|0|0|0|0|0|25040391|25|2514909|5|1|3||||0|0|0|0|0|1|0|0
2014|1279434|PRE II B|13|0|240|15|1|2||0||0|1|1|1|1|1|0|||||||0|0|0|0|0|0|0|0|0|0|0|0|0|0|0|0|0|0|0|0|0|0|0|0|0|0|0|0|0|0|0|0|0|0|0|0|0|25040391|25|2514909|5|1|3||||0|0|0|0|0|1|0|0
2014|1279259|PRE II C|13|0|240|13|1|2||0||0|1|1|1|1|1|0|||||||0|0|0|0|0|0|0|0|0|0|0|0|0|0|0|0|0|0|0|0|0|0|0|0|0|0|0|0|0|0|0|0|0|0|0|0|0|25040391|25|2514909|5|1|3||||0|0|0|0|0|1|0|0
2014|372520|MATERNAL II A EDUCACAO INFANTIL|7|30|270|14|1|1||0||0|1|1|1|1|1|0|||||||0|0|0|0|0|0|0|0|0|0|0|0|0|0|0|0|0|0|0|0|0|0|0|0|0|0|0|0|0|0|0|0|0|0|0|0|0|17046807|17|1721000|5|1|4|4|0||1|0|0|0|0|1|0|0
||||||||||||||||||||||||||||||||||||||||||||||||||||||||||||||||||||||||||||||
2014|719666|1701 EJA 3º SEGUIMENTO NOTURNO 1º SEMESTRE|18|45|195|30|3|45||0||0|1|1|1|1|1|0|||||||0|0|0|0|0|0|0|0|0|0|0|1|1|1|1|0|1|1|0|0|0|0|1|1|1|1|1|0|0|1|0|0|0|0|0|0|0|17002737|17|1714302|5|1|2||||0|0|0|0|0|1|0|0
